Hand: [2, 4, 6, 8, 10];Bid: 910;Rank: 1;Type: HandType.HIGH_CARD
Hand: [2, 5, 6, 7, 12];Bid: 176;Rank: 2;Type: HandType.HIGH_CARD
Hand: [2, 5, 12, 7, 3];Bid: 352;Rank: 3;Type: HandType.HIGH_CARD
Hand: [2, 6, 11, 4, 13];Bid: 624;Rank: 4;Type: HandType.HIGH_CARD
Hand: [2, 7, 3, 5, 4];Bid: 266;Rank: 5;Type: HandType.HIGH_CARD
Hand: [2, 7, 5, 12, 9];Bid: 84;Rank: 6;Type: HandType.HIGH_CARD
Hand: [2, 8, 11, 13, 3];Bid: 850;Rank: 7;Type: HandType.HIGH_CARD
Hand: [2, 9, 7, 6, 14];Bid: 227;Rank: 8;Type: HandType.HIGH_CARD
Hand: [2, 9, 11, 4, 5];Bid: 996;Rank: 9;Type: HandType.HIGH_CARD
Hand: [2, 9, 11, 10, 5];Bid: 204;Rank: 10;Type: HandType.HIGH_CARD
Hand: [2, 9, 13, 10, 14];Bid: 173;Rank: 11;Type: HandType.HIGH_CARD
Hand: [2, 11, 4, 13, 5];Bid: 842;Rank: 12;Type: HandType.HIGH_CARD
Hand: [2, 11, 12, 6, 4];Bid: 139;Rank: 13;Type: HandType.HIGH_CARD
Hand: [2, 12, 4, 14, 9];Bid: 198;Rank: 14;Type: HandType.HIGH_CARD
Hand: [2, 12, 10, 13, 5];Bid: 456;Rank: 15;Type: HandType.HIGH_CARD
Hand: [2, 13, 5, 14, 3];Bid: 154;Rank: 16;Type: HandType.HIGH_CARD
Hand: [2, 14, 8, 12, 7];Bid: 361;Rank: 17;Type: HandType.HIGH_CARD
Hand: [2, 14, 11, 4, 7];Bid: 644;Rank: 18;Type: HandType.HIGH_CARD
Hand: [3, 2, 11, 14, 6];Bid: 335;Rank: 19;Type: HandType.HIGH_CARD
Hand: [3, 2, 14, 9, 5];Bid: 925;Rank: 20;Type: HandType.HIGH_CARD
Hand: [3, 5, 11, 12, 9];Bid: 951;Rank: 21;Type: HandType.HIGH_CARD
Hand: [3, 5, 13, 12, 10];Bid: 233;Rank: 22;Type: HandType.HIGH_CARD
Hand: [3, 5, 14, 13, 11];Bid: 682;Rank: 23;Type: HandType.HIGH_CARD
Hand: [3, 6, 8, 7, 4];Bid: 356;Rank: 24;Type: HandType.HIGH_CARD
Hand: [3, 6, 10, 14, 8];Bid: 906;Rank: 25;Type: HandType.HIGH_CARD
Hand: [3, 7, 9, 2, 12];Bid: 602;Rank: 26;Type: HandType.HIGH_CARD
Hand: [3, 7, 12, 10, 14];Bid: 747;Rank: 27;Type: HandType.HIGH_CARD
Hand: [3, 8, 5, 13, 9];Bid: 217;Rank: 28;Type: HandType.HIGH_CARD
Hand: [3, 8, 11, 14, 13];Bid: 748;Rank: 29;Type: HandType.HIGH_CARD
Hand: [3, 8, 12, 6, 5];Bid: 619;Rank: 30;Type: HandType.HIGH_CARD
Hand: [3, 9, 11, 12, 8];Bid: 319;Rank: 31;Type: HandType.HIGH_CARD
Hand: [3, 9, 14, 2, 10];Bid: 523;Rank: 32;Type: HandType.HIGH_CARD
Hand: [3, 9, 14, 7, 4];Bid: 941;Rank: 33;Type: HandType.HIGH_CARD
Hand: [3, 11, 2, 6, 5];Bid: 574;Rank: 34;Type: HandType.HIGH_CARD
Hand: [3, 13, 2, 12, 14];Bid: 274;Rank: 35;Type: HandType.HIGH_CARD
Hand: [3, 13, 6, 9, 5];Bid: 801;Rank: 36;Type: HandType.HIGH_CARD
Hand: [3, 13, 9, 11, 4];Bid: 360;Rank: 37;Type: HandType.HIGH_CARD
Hand: [3, 13, 10, 6, 4];Bid: 245;Rank: 38;Type: HandType.HIGH_CARD
Hand: [3, 14, 9, 12, 5];Bid: 215;Rank: 39;Type: HandType.HIGH_CARD
Hand: [4, 3, 9, 6, 2];Bid: 51;Rank: 40;Type: HandType.HIGH_CARD
Hand: [4, 5, 13, 6, 2];Bid: 674;Rank: 41;Type: HandType.HIGH_CARD
Hand: [4, 6, 9, 10, 14];Bid: 965;Rank: 42;Type: HandType.HIGH_CARD
Hand: [4, 7, 5, 3, 12];Bid: 209;Rank: 43;Type: HandType.HIGH_CARD
Hand: [4, 7, 9, 12, 2];Bid: 731;Rank: 44;Type: HandType.HIGH_CARD
Hand: [4, 7, 10, 6, 2];Bid: 393;Rank: 45;Type: HandType.HIGH_CARD
Hand: [4, 7, 11, 8, 13];Bid: 162;Rank: 46;Type: HandType.HIGH_CARD
Hand: [4, 7, 13, 8, 3];Bid: 536;Rank: 47;Type: HandType.HIGH_CARD
Hand: [4, 8, 7, 2, 6];Bid: 782;Rank: 48;Type: HandType.HIGH_CARD
Hand: [4, 8, 11, 6, 12];Bid: 67;Rank: 49;Type: HandType.HIGH_CARD
Hand: [4, 10, 2, 5, 14];Bid: 423;Rank: 50;Type: HandType.HIGH_CARD
Hand: [4, 11, 13, 3, 10];Bid: 920;Rank: 51;Type: HandType.HIGH_CARD
Hand: [4, 11, 13, 12, 6];Bid: 664;Rank: 52;Type: HandType.HIGH_CARD
Hand: [4, 12, 3, 7, 2];Bid: 525;Rank: 53;Type: HandType.HIGH_CARD
Hand: [4, 12, 6, 9, 10];Bid: 52;Rank: 54;Type: HandType.HIGH_CARD
Hand: [5, 2, 9, 13, 6];Bid: 236;Rank: 55;Type: HandType.HIGH_CARD
Hand: [5, 2, 12, 4, 9];Bid: 707;Rank: 56;Type: HandType.HIGH_CARD
Hand: [5, 6, 4, 2, 9];Bid: 98;Rank: 57;Type: HandType.HIGH_CARD
Hand: [5, 6, 9, 2, 11];Bid: 21;Rank: 58;Type: HandType.HIGH_CARD
Hand: [5, 6, 11, 12, 13];Bid: 424;Rank: 59;Type: HandType.HIGH_CARD
Hand: [5, 7, 4, 14, 9];Bid: 442;Rank: 60;Type: HandType.HIGH_CARD
Hand: [5, 7, 9, 3, 2];Bid: 957;Rank: 61;Type: HandType.HIGH_CARD
Hand: [5, 7, 12, 11, 2];Bid: 579;Rank: 62;Type: HandType.HIGH_CARD
Hand: [5, 8, 2, 11, 9];Bid: 627;Rank: 63;Type: HandType.HIGH_CARD
Hand: [5, 8, 11, 6, 10];Bid: 452;Rank: 64;Type: HandType.HIGH_CARD
Hand: [5, 8, 13, 2, 4];Bid: 466;Rank: 65;Type: HandType.HIGH_CARD
Hand: [5, 9, 2, 7, 14];Bid: 621;Rank: 66;Type: HandType.HIGH_CARD
Hand: [5, 11, 7, 12, 6];Bid: 270;Rank: 67;Type: HandType.HIGH_CARD
Hand: [5, 11, 14, 9, 6];Bid: 702;Rank: 68;Type: HandType.HIGH_CARD
Hand: [5, 14, 6, 8, 3];Bid: 907;Rank: 69;Type: HandType.HIGH_CARD
Hand: [5, 14, 12, 8, 2];Bid: 340;Rank: 70;Type: HandType.HIGH_CARD
Hand: [6, 2, 5, 7, 3];Bid: 772;Rank: 71;Type: HandType.HIGH_CARD
Hand: [6, 2, 9, 13, 11];Bid: 416;Rank: 72;Type: HandType.HIGH_CARD
Hand: [6, 3, 8, 10, 9];Bid: 966;Rank: 73;Type: HandType.HIGH_CARD
Hand: [6, 4, 12, 13, 7];Bid: 191;Rank: 74;Type: HandType.HIGH_CARD
Hand: [6, 5, 13, 7, 14];Bid: 717;Rank: 75;Type: HandType.HIGH_CARD
Hand: [6, 7, 5, 9, 4];Bid: 467;Rank: 76;Type: HandType.HIGH_CARD
Hand: [6, 8, 2, 14, 5];Bid: 728;Rank: 77;Type: HandType.HIGH_CARD
Hand: [6, 9, 3, 12, 14];Bid: 218;Rank: 78;Type: HandType.HIGH_CARD
Hand: [6, 9, 7, 13, 10];Bid: 524;Rank: 79;Type: HandType.HIGH_CARD
Hand: [6, 10, 3, 14, 13];Bid: 661;Rank: 80;Type: HandType.HIGH_CARD
Hand: [6, 10, 5, 2, 12];Bid: 657;Rank: 81;Type: HandType.HIGH_CARD
Hand: [6, 12, 14, 9, 10];Bid: 570;Rank: 82;Type: HandType.HIGH_CARD
Hand: [6, 13, 2, 5, 7];Bid: 228;Rank: 83;Type: HandType.HIGH_CARD
Hand: [6, 13, 4, 12, 8];Bid: 849;Rank: 84;Type: HandType.HIGH_CARD
Hand: [6, 13, 8, 11, 7];Bid: 118;Rank: 85;Type: HandType.HIGH_CARD
Hand: [6, 14, 4, 10, 5];Bid: 165;Rank: 86;Type: HandType.HIGH_CARD
Hand: [7, 2, 8, 5, 14];Bid: 578;Rank: 87;Type: HandType.HIGH_CARD
Hand: [7, 2, 10, 5, 13];Bid: 247;Rank: 88;Type: HandType.HIGH_CARD
Hand: [7, 4, 3, 2, 9];Bid: 221;Rank: 89;Type: HandType.HIGH_CARD
Hand: [7, 4, 10, 5, 2];Bid: 637;Rank: 90;Type: HandType.HIGH_CARD
Hand: [7, 4, 12, 10, 5];Bid: 852;Rank: 91;Type: HandType.HIGH_CARD
Hand: [7, 5, 4, 3, 10];Bid: 206;Rank: 92;Type: HandType.HIGH_CARD
Hand: [7, 6, 8, 5, 3];Bid: 986;Rank: 93;Type: HandType.HIGH_CARD
Hand: [7, 6, 9, 8, 12];Bid: 583;Rank: 94;Type: HandType.HIGH_CARD
Hand: [7, 6, 10, 14, 13];Bid: 617;Rank: 95;Type: HandType.HIGH_CARD
Hand: [7, 8, 6, 2, 10];Bid: 753;Rank: 96;Type: HandType.HIGH_CARD
Hand: [7, 10, 13, 6, 12];Bid: 886;Rank: 97;Type: HandType.HIGH_CARD
Hand: [7, 12, 14, 5, 11];Bid: 306;Rank: 98;Type: HandType.HIGH_CARD
Hand: [7, 13, 4, 3, 11];Bid: 410;Rank: 99;Type: HandType.HIGH_CARD
Hand: [7, 13, 5, 12, 10];Bid: 978;Rank: 100;Type: HandType.HIGH_CARD
Hand: [7, 13, 8, 10, 5];Bid: 970;Rank: 101;Type: HandType.HIGH_CARD
Hand: [8, 3, 14, 5, 13];Bid: 807;Rank: 102;Type: HandType.HIGH_CARD
Hand: [8, 4, 5, 11, 3];Bid: 59;Rank: 103;Type: HandType.HIGH_CARD
Hand: [8, 4, 10, 14, 12];Bid: 387;Rank: 104;Type: HandType.HIGH_CARD
Hand: [8, 5, 2, 11, 7];Bid: 253;Rank: 105;Type: HandType.HIGH_CARD
Hand: [8, 5, 14, 12, 11];Bid: 283;Rank: 106;Type: HandType.HIGH_CARD
Hand: [8, 7, 6, 13, 3];Bid: 607;Rank: 107;Type: HandType.HIGH_CARD
Hand: [8, 7, 9, 14, 6];Bid: 18;Rank: 108;Type: HandType.HIGH_CARD
Hand: [8, 7, 12, 5, 10];Bid: 749;Rank: 109;Type: HandType.HIGH_CARD
Hand: [8, 9, 2, 4, 7];Bid: 883;Rank: 110;Type: HandType.HIGH_CARD
Hand: [8, 9, 14, 3, 4];Bid: 955;Rank: 111;Type: HandType.HIGH_CARD
Hand: [8, 10, 3, 9, 14];Bid: 495;Rank: 112;Type: HandType.HIGH_CARD
Hand: [8, 10, 12, 2, 7];Bid: 4;Rank: 113;Type: HandType.HIGH_CARD
Hand: [8, 10, 12, 11, 3];Bid: 641;Rank: 114;Type: HandType.HIGH_CARD
Hand: [8, 11, 10, 7, 5];Bid: 405;Rank: 115;Type: HandType.HIGH_CARD
Hand: [8, 12, 5, 9, 4];Bid: 90;Rank: 116;Type: HandType.HIGH_CARD
Hand: [8, 12, 10, 6, 7];Bid: 711;Rank: 117;Type: HandType.HIGH_CARD
Hand: [8, 13, 3, 12, 14];Bid: 75;Rank: 118;Type: HandType.HIGH_CARD
Hand: [8, 14, 4, 5, 10];Bid: 948;Rank: 119;Type: HandType.HIGH_CARD
Hand: [8, 14, 12, 7, 4];Bid: 213;Rank: 120;Type: HandType.HIGH_CARD
Hand: [9, 2, 4, 12, 13];Bid: 288;Rank: 121;Type: HandType.HIGH_CARD
Hand: [9, 2, 12, 11, 8];Bid: 397;Rank: 122;Type: HandType.HIGH_CARD
Hand: [9, 3, 6, 11, 12];Bid: 483;Rank: 123;Type: HandType.HIGH_CARD
Hand: [9, 4, 11, 12, 13];Bid: 988;Rank: 124;Type: HandType.HIGH_CARD
Hand: [9, 4, 12, 6, 8];Bid: 129;Rank: 125;Type: HandType.HIGH_CARD
Hand: [9, 5, 8, 6, 10];Bid: 844;Rank: 126;Type: HandType.HIGH_CARD
Hand: [9, 6, 2, 8, 14];Bid: 81;Rank: 127;Type: HandType.HIGH_CARD
Hand: [9, 6, 14, 11, 3];Bid: 398;Rank: 128;Type: HandType.HIGH_CARD
Hand: [9, 7, 12, 6, 10];Bid: 803;Rank: 129;Type: HandType.HIGH_CARD
Hand: [9, 7, 13, 11, 6];Bid: 610;Rank: 130;Type: HandType.HIGH_CARD
Hand: [9, 11, 5, 3, 10];Bid: 175;Rank: 131;Type: HandType.HIGH_CARD
Hand: [9, 12, 14, 13, 5];Bid: 923;Rank: 132;Type: HandType.HIGH_CARD
Hand: [9, 13, 7, 12, 2];Bid: 211;Rank: 133;Type: HandType.HIGH_CARD
Hand: [9, 13, 10, 7, 12];Bid: 511;Rank: 134;Type: HandType.HIGH_CARD
Hand: [10, 2, 14, 11, 4];Bid: 409;Rank: 135;Type: HandType.HIGH_CARD
Hand: [10, 3, 5, 9, 8];Bid: 30;Rank: 136;Type: HandType.HIGH_CARD
Hand: [10, 3, 11, 13, 8];Bid: 301;Rank: 137;Type: HandType.HIGH_CARD
Hand: [10, 4, 12, 5, 9];Bid: 382;Rank: 138;Type: HandType.HIGH_CARD
Hand: [10, 4, 14, 8, 11];Bid: 858;Rank: 139;Type: HandType.HIGH_CARD
Hand: [10, 5, 13, 8, 14];Bid: 670;Rank: 140;Type: HandType.HIGH_CARD
Hand: [10, 6, 11, 13, 5];Bid: 969;Rank: 141;Type: HandType.HIGH_CARD
Hand: [10, 9, 4, 3, 2];Bid: 426;Rank: 142;Type: HandType.HIGH_CARD
Hand: [10, 9, 14, 2, 6];Bid: 262;Rank: 143;Type: HandType.HIGH_CARD
Hand: [10, 11, 6, 14, 12];Bid: 735;Rank: 144;Type: HandType.HIGH_CARD
Hand: [10, 11, 7, 8, 3];Bid: 39;Rank: 145;Type: HandType.HIGH_CARD
Hand: [10, 13, 6, 5, 9];Bid: 824;Rank: 146;Type: HandType.HIGH_CARD
Hand: [10, 13, 8, 5, 2];Bid: 104;Rank: 147;Type: HandType.HIGH_CARD
Hand: [10, 13, 9, 14, 8];Bid: 485;Rank: 148;Type: HandType.HIGH_CARD
Hand: [10, 14, 3, 7, 6];Bid: 480;Rank: 149;Type: HandType.HIGH_CARD
Hand: [10, 14, 3, 9, 13];Bid: 461;Rank: 150;Type: HandType.HIGH_CARD
Hand: [10, 14, 5, 9, 6];Bid: 635;Rank: 151;Type: HandType.HIGH_CARD
Hand: [11, 2, 7, 8, 3];Bid: 723;Rank: 152;Type: HandType.HIGH_CARD
Hand: [11, 3, 8, 6, 9];Bid: 82;Rank: 153;Type: HandType.HIGH_CARD
Hand: [11, 4, 3, 8, 9];Bid: 979;Rank: 154;Type: HandType.HIGH_CARD
Hand: [11, 4, 5, 3, 2];Bid: 41;Rank: 155;Type: HandType.HIGH_CARD
Hand: [11, 4, 5, 9, 6];Bid: 867;Rank: 156;Type: HandType.HIGH_CARD
Hand: [11, 4, 12, 9, 14];Bid: 323;Rank: 157;Type: HandType.HIGH_CARD
Hand: [11, 5, 6, 9, 3];Bid: 589;Rank: 158;Type: HandType.HIGH_CARD
Hand: [11, 5, 10, 12, 9];Bid: 660;Rank: 159;Type: HandType.HIGH_CARD
Hand: [11, 5, 12, 2, 13];Bid: 322;Rank: 160;Type: HandType.HIGH_CARD
Hand: [11, 6, 5, 13, 14];Bid: 764;Rank: 161;Type: HandType.HIGH_CARD
Hand: [11, 6, 8, 7, 9];Bid: 117;Rank: 162;Type: HandType.HIGH_CARD
Hand: [11, 7, 4, 2, 10];Bid: 799;Rank: 163;Type: HandType.HIGH_CARD
Hand: [11, 8, 2, 6, 14];Bid: 863;Rank: 164;Type: HandType.HIGH_CARD
Hand: [11, 8, 6, 7, 3];Bid: 103;Rank: 165;Type: HandType.HIGH_CARD
Hand: [11, 9, 3, 5, 14];Bid: 431;Rank: 166;Type: HandType.HIGH_CARD
Hand: [11, 9, 12, 13, 5];Bid: 292;Rank: 167;Type: HandType.HIGH_CARD
Hand: [11, 10, 5, 13, 8];Bid: 929;Rank: 168;Type: HandType.HIGH_CARD
Hand: [11, 10, 8, 14, 6];Bid: 184;Rank: 169;Type: HandType.HIGH_CARD
Hand: [11, 10, 9, 3, 8];Bid: 981;Rank: 170;Type: HandType.HIGH_CARD
Hand: [11, 14, 13, 5, 9];Bid: 784;Rank: 171;Type: HandType.HIGH_CARD
Hand: [12, 3, 11, 10, 5];Bid: 823;Rank: 172;Type: HandType.HIGH_CARD
Hand: [12, 4, 2, 5, 7];Bid: 989;Rank: 173;Type: HandType.HIGH_CARD
Hand: [12, 5, 9, 8, 2];Bid: 604;Rank: 174;Type: HandType.HIGH_CARD
Hand: [12, 6, 5, 7, 9];Bid: 126;Rank: 175;Type: HandType.HIGH_CARD
Hand: [12, 8, 2, 13, 5];Bid: 691;Rank: 176;Type: HandType.HIGH_CARD
Hand: [12, 8, 10, 13, 9];Bid: 808;Rank: 177;Type: HandType.HIGH_CARD
Hand: [12, 9, 6, 10, 2];Bid: 699;Rank: 178;Type: HandType.HIGH_CARD
Hand: [12, 10, 3, 13, 14];Bid: 200;Rank: 179;Type: HandType.HIGH_CARD
Hand: [12, 13, 4, 5, 11];Bid: 540;Rank: 180;Type: HandType.HIGH_CARD
Hand: [12, 14, 7, 9, 13];Bid: 526;Rank: 181;Type: HandType.HIGH_CARD
Hand: [12, 14, 10, 9, 4];Bid: 132;Rank: 182;Type: HandType.HIGH_CARD
Hand: [13, 2, 10, 12, 14];Bid: 774;Rank: 183;Type: HandType.HIGH_CARD
Hand: [13, 3, 10, 6, 5];Bid: 113;Rank: 184;Type: HandType.HIGH_CARD
Hand: [13, 3, 11, 12, 14];Bid: 2;Rank: 185;Type: HandType.HIGH_CARD
Hand: [13, 6, 3, 5, 2];Bid: 487;Rank: 186;Type: HandType.HIGH_CARD
Hand: [13, 6, 3, 11, 9];Bid: 164;Rank: 187;Type: HandType.HIGH_CARD
Hand: [13, 8, 2, 3, 9];Bid: 238;Rank: 188;Type: HandType.HIGH_CARD
Hand: [13, 8, 2, 6, 7];Bid: 884;Rank: 189;Type: HandType.HIGH_CARD
Hand: [13, 8, 7, 12, 5];Bid: 180;Rank: 190;Type: HandType.HIGH_CARD
Hand: [13, 9, 4, 11, 8];Bid: 769;Rank: 191;Type: HandType.HIGH_CARD
Hand: [13, 9, 6, 10, 8];Bid: 548;Rank: 192;Type: HandType.HIGH_CARD
Hand: [13, 11, 6, 3, 5];Bid: 532;Rank: 193;Type: HandType.HIGH_CARD
Hand: [13, 11, 9, 6, 4];Bid: 760;Rank: 194;Type: HandType.HIGH_CARD
Hand: [13, 12, 9, 3, 7];Bid: 697;Rank: 195;Type: HandType.HIGH_CARD
Hand: [13, 14, 6, 4, 10];Bid: 395;Rank: 196;Type: HandType.HIGH_CARD
Hand: [14, 2, 3, 11, 7];Bid: 705;Rank: 197;Type: HandType.HIGH_CARD
Hand: [14, 2, 8, 10, 6];Bid: 187;Rank: 198;Type: HandType.HIGH_CARD
Hand: [14, 2, 10, 3, 6];Bid: 833;Rank: 199;Type: HandType.HIGH_CARD
Hand: [14, 3, 6, 2, 9];Bid: 153;Rank: 200;Type: HandType.HIGH_CARD
Hand: [14, 3, 6, 4, 7];Bid: 625;Rank: 201;Type: HandType.HIGH_CARD
Hand: [14, 3, 9, 5, 4];Bid: 244;Rank: 202;Type: HandType.HIGH_CARD
Hand: [14, 3, 10, 5, 13];Bid: 891;Rank: 203;Type: HandType.HIGH_CARD
Hand: [14, 4, 12, 11, 6];Bid: 45;Rank: 204;Type: HandType.HIGH_CARD
Hand: [14, 6, 8, 3, 4];Bid: 273;Rank: 205;Type: HandType.HIGH_CARD
Hand: [14, 7, 5, 2, 12];Bid: 672;Rank: 206;Type: HandType.HIGH_CARD
Hand: [14, 7, 8, 5, 3];Bid: 16;Rank: 207;Type: HandType.HIGH_CARD
Hand: [14, 7, 10, 9, 5];Bid: 465;Rank: 208;Type: HandType.HIGH_CARD
Hand: [14, 8, 5, 10, 2];Bid: 80;Rank: 209;Type: HandType.HIGH_CARD
Hand: [14, 8, 10, 2, 4];Bid: 475;Rank: 210;Type: HandType.HIGH_CARD
Hand: [14, 9, 12, 7, 4];Bid: 155;Rank: 211;Type: HandType.HIGH_CARD
Hand: [14, 9, 13, 6, 3];Bid: 34;Rank: 212;Type: HandType.HIGH_CARD
Hand: [14, 10, 6, 11, 3];Bid: 454;Rank: 213;Type: HandType.HIGH_CARD
Hand: [14, 11, 2, 8, 10];Bid: 349;Rank: 214;Type: HandType.HIGH_CARD
Hand: [14, 11, 12, 8, 7];Bid: 38;Rank: 215;Type: HandType.HIGH_CARD
Hand: [14, 12, 7, 6, 3];Bid: 595;Rank: 216;Type: HandType.HIGH_CARD
Hand: [14, 13, 4, 8, 10];Bid: 243;Rank: 217;Type: HandType.HIGH_CARD
Hand: [2, 3, 3, 4, 12];Bid: 439;Rank: 218;Type: HandType.ONE_PAIR
Hand: [2, 5, 3, 13, 13];Bid: 676;Rank: 219;Type: HandType.ONE_PAIR
Hand: [2, 6, 14, 13, 13];Bid: 474;Rank: 220;Type: HandType.ONE_PAIR
Hand: [2, 7, 7, 9, 10];Bid: 566;Rank: 221;Type: HandType.ONE_PAIR
Hand: [2, 7, 7, 13, 11];Bid: 55;Rank: 222;Type: HandType.ONE_PAIR
Hand: [2, 7, 8, 7, 3];Bid: 69;Rank: 223;Type: HandType.ONE_PAIR
Hand: [2, 7, 10, 12, 10];Bid: 507;Rank: 224;Type: HandType.ONE_PAIR
Hand: [2, 10, 6, 10, 5];Bid: 522;Rank: 225;Type: HandType.ONE_PAIR
Hand: [2, 10, 12, 10, 5];Bid: 765;Rank: 226;Type: HandType.ONE_PAIR
Hand: [2, 12, 9, 9, 7];Bid: 289;Rank: 227;Type: HandType.ONE_PAIR
Hand: [2, 13, 2, 11, 3];Bid: 179;Rank: 228;Type: HandType.ONE_PAIR
Hand: [2, 13, 3, 3, 7];Bid: 977;Rank: 229;Type: HandType.ONE_PAIR
Hand: [2, 13, 6, 13, 11];Bid: 859;Rank: 230;Type: HandType.ONE_PAIR
Hand: [2, 14, 5, 2, 11];Bid: 816;Rank: 231;Type: HandType.ONE_PAIR
Hand: [2, 14, 8, 14, 10];Bid: 847;Rank: 232;Type: HandType.ONE_PAIR
Hand: [3, 3, 5, 11, 2];Bid: 450;Rank: 233;Type: HandType.ONE_PAIR
Hand: [3, 3, 11, 9, 13];Bid: 846;Rank: 234;Type: HandType.ONE_PAIR
Hand: [3, 6, 6, 4, 10];Bid: 940;Rank: 235;Type: HandType.ONE_PAIR
Hand: [3, 6, 6, 7, 11];Bid: 102;Rank: 236;Type: HandType.ONE_PAIR
Hand: [3, 6, 10, 6, 13];Bid: 294;Rank: 237;Type: HandType.ONE_PAIR
Hand: [3, 6, 11, 6, 8];Bid: 148;Rank: 238;Type: HandType.ONE_PAIR
Hand: [3, 6, 13, 13, 9];Bid: 457;Rank: 239;Type: HandType.ONE_PAIR
Hand: [3, 7, 2, 2, 10];Bid: 391;Rank: 240;Type: HandType.ONE_PAIR
Hand: [3, 7, 6, 14, 7];Bid: 781;Rank: 241;Type: HandType.ONE_PAIR
Hand: [3, 7, 8, 2, 8];Bid: 279;Rank: 242;Type: HandType.ONE_PAIR
Hand: [3, 8, 2, 8, 11];Bid: 316;Rank: 243;Type: HandType.ONE_PAIR
Hand: [3, 8, 6, 9, 6];Bid: 320;Rank: 244;Type: HandType.ONE_PAIR
Hand: [3, 9, 3, 11, 8];Bid: 827;Rank: 245;Type: HandType.ONE_PAIR
Hand: [3, 9, 8, 14, 8];Bid: 310;Rank: 246;Type: HandType.ONE_PAIR
Hand: [3, 10, 2, 6, 3];Bid: 756;Rank: 247;Type: HandType.ONE_PAIR
Hand: [3, 10, 13, 3, 11];Bid: 608;Rank: 248;Type: HandType.ONE_PAIR
Hand: [3, 11, 7, 8, 7];Bid: 359;Rank: 249;Type: HandType.ONE_PAIR
Hand: [3, 11, 11, 10, 6];Bid: 77;Rank: 250;Type: HandType.ONE_PAIR
Hand: [3, 11, 12, 3, 14];Bid: 326;Rank: 251;Type: HandType.ONE_PAIR
Hand: [3, 12, 5, 11, 11];Bid: 350;Rank: 252;Type: HandType.ONE_PAIR
Hand: [3, 13, 4, 3, 11];Bid: 181;Rank: 253;Type: HandType.ONE_PAIR
Hand: [3, 13, 5, 6, 6];Bid: 505;Rank: 254;Type: HandType.ONE_PAIR
Hand: [3, 13, 6, 12, 12];Bid: 94;Rank: 255;Type: HandType.ONE_PAIR
Hand: [3, 13, 11, 12, 3];Bid: 685;Rank: 256;Type: HandType.ONE_PAIR
Hand: [3, 13, 14, 2, 2];Bid: 835;Rank: 257;Type: HandType.ONE_PAIR
Hand: [3, 14, 10, 4, 3];Bid: 874;Rank: 258;Type: HandType.ONE_PAIR
Hand: [4, 2, 8, 7, 7];Bid: 96;Rank: 259;Type: HandType.ONE_PAIR
Hand: [4, 2, 9, 9, 13];Bid: 193;Rank: 260;Type: HandType.ONE_PAIR
Hand: [4, 2, 11, 11, 9];Bid: 286;Rank: 261;Type: HandType.ONE_PAIR
Hand: [4, 3, 8, 13, 8];Bid: 133;Rank: 262;Type: HandType.ONE_PAIR
Hand: [4, 4, 3, 13, 6];Bid: 268;Rank: 263;Type: HandType.ONE_PAIR
Hand: [4, 5, 2, 2, 6];Bid: 261;Rank: 264;Type: HandType.ONE_PAIR
Hand: [4, 7, 7, 6, 2];Bid: 550;Rank: 265;Type: HandType.ONE_PAIR
Hand: [4, 8, 4, 14, 6];Bid: 716;Rank: 266;Type: HandType.ONE_PAIR
Hand: [4, 8, 13, 4, 5];Bid: 575;Rank: 267;Type: HandType.ONE_PAIR
Hand: [4, 9, 10, 8, 8];Bid: 541;Rank: 268;Type: HandType.ONE_PAIR
Hand: [4, 10, 4, 9, 3];Bid: 189;Rank: 269;Type: HandType.ONE_PAIR
Hand: [4, 10, 5, 3, 10];Bid: 646;Rank: 270;Type: HandType.ONE_PAIR
Hand: [4, 12, 4, 11, 9];Bid: 324;Rank: 271;Type: HandType.ONE_PAIR
Hand: [4, 12, 8, 2, 12];Bid: 287;Rank: 272;Type: HandType.ONE_PAIR
Hand: [4, 12, 13, 11, 11];Bid: 795;Rank: 273;Type: HandType.ONE_PAIR
Hand: [4, 12, 13, 13, 10];Bid: 603;Rank: 274;Type: HandType.ONE_PAIR
Hand: [4, 13, 5, 5, 9];Bid: 993;Rank: 275;Type: HandType.ONE_PAIR
Hand: [4, 14, 2, 3, 4];Bid: 572;Rank: 276;Type: HandType.ONE_PAIR
Hand: [5, 2, 13, 9, 13];Bid: 980;Rank: 277;Type: HandType.ONE_PAIR
Hand: [5, 3, 2, 14, 14];Bid: 384;Rank: 278;Type: HandType.ONE_PAIR
Hand: [5, 3, 10, 9, 10];Bid: 414;Rank: 279;Type: HandType.ONE_PAIR
Hand: [5, 5, 13, 3, 10];Bid: 152;Rank: 280;Type: HandType.ONE_PAIR
Hand: [5, 5, 14, 3, 2];Bid: 471;Rank: 281;Type: HandType.ONE_PAIR
Hand: [5, 6, 10, 5, 8];Bid: 476;Rank: 282;Type: HandType.ONE_PAIR
Hand: [5, 7, 5, 4, 9];Bid: 592;Rank: 283;Type: HandType.ONE_PAIR
Hand: [5, 8, 2, 8, 9];Bid: 904;Rank: 284;Type: HandType.ONE_PAIR
Hand: [5, 8, 6, 5, 13];Bid: 615;Rank: 285;Type: HandType.ONE_PAIR
Hand: [5, 8, 11, 8, 14];Bid: 341;Rank: 286;Type: HandType.ONE_PAIR
Hand: [5, 9, 9, 8, 12];Bid: 992;Rank: 287;Type: HandType.ONE_PAIR
Hand: [5, 10, 4, 5, 12];Bid: 318;Rank: 288;Type: HandType.ONE_PAIR
Hand: [5, 10, 5, 6, 4];Bid: 967;Rank: 289;Type: HandType.ONE_PAIR
Hand: [5, 10, 12, 8, 12];Bid: 143;Rank: 290;Type: HandType.ONE_PAIR
Hand: [5, 11, 2, 10, 2];Bid: 949;Rank: 291;Type: HandType.ONE_PAIR
Hand: [5, 11, 6, 10, 5];Bid: 778;Rank: 292;Type: HandType.ONE_PAIR
Hand: [5, 13, 3, 3, 10];Bid: 555;Rank: 293;Type: HandType.ONE_PAIR
Hand: [5, 13, 5, 7, 11];Bid: 796;Rank: 294;Type: HandType.ONE_PAIR
Hand: [5, 14, 8, 11, 11];Bid: 7;Rank: 295;Type: HandType.ONE_PAIR
Hand: [6, 2, 14, 6, 5];Bid: 963;Rank: 296;Type: HandType.ONE_PAIR
Hand: [6, 3, 2, 14, 3];Bid: 199;Rank: 297;Type: HandType.ONE_PAIR
Hand: [6, 3, 3, 2, 8];Bid: 960;Rank: 298;Type: HandType.ONE_PAIR
Hand: [6, 3, 6, 8, 10];Bid: 27;Rank: 299;Type: HandType.ONE_PAIR
Hand: [6, 5, 11, 6, 2];Bid: 732;Rank: 300;Type: HandType.ONE_PAIR
Hand: [6, 5, 11, 7, 5];Bid: 761;Rank: 301;Type: HandType.ONE_PAIR
Hand: [6, 6, 5, 3, 8];Bid: 896;Rank: 302;Type: HandType.ONE_PAIR
Hand: [6, 7, 2, 2, 9];Bid: 790;Rank: 303;Type: HandType.ONE_PAIR
Hand: [6, 8, 6, 9, 12];Bid: 611;Rank: 304;Type: HandType.ONE_PAIR
Hand: [6, 8, 11, 13, 8];Bid: 109;Rank: 305;Type: HandType.ONE_PAIR
Hand: [6, 9, 5, 9, 13];Bid: 363;Rank: 306;Type: HandType.ONE_PAIR
Hand: [6, 9, 11, 11, 3];Bid: 893;Rank: 307;Type: HandType.ONE_PAIR
Hand: [6, 9, 14, 13, 9];Bid: 567;Rank: 308;Type: HandType.ONE_PAIR
Hand: [6, 10, 2, 5, 2];Bid: 226;Rank: 309;Type: HandType.ONE_PAIR
Hand: [6, 10, 11, 9, 6];Bid: 820;Rank: 310;Type: HandType.ONE_PAIR
Hand: [6, 10, 14, 6, 12];Bid: 871;Rank: 311;Type: HandType.ONE_PAIR
Hand: [6, 11, 7, 3, 7];Bid: 839;Rank: 312;Type: HandType.ONE_PAIR
Hand: [6, 11, 7, 13, 11];Bid: 770;Rank: 313;Type: HandType.ONE_PAIR
Hand: [6, 11, 10, 12, 6];Bid: 85;Rank: 314;Type: HandType.ONE_PAIR
Hand: [6, 12, 11, 4, 4];Bid: 544;Rank: 315;Type: HandType.ONE_PAIR
Hand: [6, 12, 11, 12, 3];Bid: 873;Rank: 316;Type: HandType.ONE_PAIR
Hand: [6, 12, 11, 13, 6];Bid: 494;Rank: 317;Type: HandType.ONE_PAIR
Hand: [6, 14, 4, 10, 14];Bid: 254;Rank: 318;Type: HandType.ONE_PAIR
Hand: [6, 14, 6, 5, 13];Bid: 197;Rank: 319;Type: HandType.ONE_PAIR
Hand: [6, 14, 8, 11, 14];Bid: 9;Rank: 320;Type: HandType.ONE_PAIR
Hand: [6, 14, 14, 13, 5];Bid: 903;Rank: 321;Type: HandType.ONE_PAIR
Hand: [7, 3, 3, 14, 8];Bid: 819;Rank: 322;Type: HandType.ONE_PAIR
Hand: [7, 4, 10, 2, 4];Bid: 1;Rank: 323;Type: HandType.ONE_PAIR
Hand: [7, 4, 10, 10, 12];Bid: 97;Rank: 324;Type: HandType.ONE_PAIR
Hand: [7, 5, 8, 8, 2];Bid: 435;Rank: 325;Type: HandType.ONE_PAIR
Hand: [7, 9, 6, 11, 9];Bid: 776;Rank: 326;Type: HandType.ONE_PAIR
Hand: [7, 10, 7, 8, 13];Bid: 364;Rank: 327;Type: HandType.ONE_PAIR
Hand: [7, 10, 8, 3, 7];Bid: 303;Rank: 328;Type: HandType.ONE_PAIR
Hand: [7, 10, 12, 3, 10];Bid: 710;Rank: 329;Type: HandType.ONE_PAIR
Hand: [7, 11, 14, 11, 2];Bid: 856;Rank: 330;Type: HandType.ONE_PAIR
Hand: [7, 12, 2, 4, 7];Bid: 11;Rank: 331;Type: HandType.ONE_PAIR
Hand: [7, 12, 10, 10, 8];Bid: 300;Rank: 332;Type: HandType.ONE_PAIR
Hand: [8, 2, 10, 5, 8];Bid: 392;Rank: 333;Type: HandType.ONE_PAIR
Hand: [8, 3, 8, 6, 9];Bid: 645;Rank: 334;Type: HandType.ONE_PAIR
Hand: [8, 4, 8, 6, 11];Bid: 768;Rank: 335;Type: HandType.ONE_PAIR
Hand: [8, 4, 13, 3, 13];Bid: 629;Rank: 336;Type: HandType.ONE_PAIR
Hand: [8, 6, 8, 14, 9];Bid: 947;Rank: 337;Type: HandType.ONE_PAIR
Hand: [8, 6, 14, 6, 7];Bid: 675;Rank: 338;Type: HandType.ONE_PAIR
Hand: [8, 7, 8, 3, 9];Bid: 23;Rank: 339;Type: HandType.ONE_PAIR
Hand: [8, 7, 12, 11, 7];Bid: 196;Rank: 340;Type: HandType.ONE_PAIR
Hand: [8, 7, 13, 13, 5];Bid: 757;Rank: 341;Type: HandType.ONE_PAIR
Hand: [8, 8, 11, 9, 7];Bid: 800;Rank: 342;Type: HandType.ONE_PAIR
Hand: [8, 8, 12, 7, 3];Bid: 251;Rank: 343;Type: HandType.ONE_PAIR
Hand: [8, 10, 11, 10, 13];Bid: 468;Rank: 344;Type: HandType.ONE_PAIR
Hand: [8, 11, 8, 2, 9];Bid: 860;Rank: 345;Type: HandType.ONE_PAIR
Hand: [8, 12, 7, 4, 4];Bid: 998;Rank: 346;Type: HandType.ONE_PAIR
Hand: [8, 12, 12, 2, 11];Bid: 838;Rank: 347;Type: HandType.ONE_PAIR
Hand: [8, 12, 14, 11, 11];Bid: 497;Rank: 348;Type: HandType.ONE_PAIR
Hand: [8, 13, 12, 8, 6];Bid: 346;Rank: 349;Type: HandType.ONE_PAIR
Hand: [8, 13, 14, 13, 12];Bid: 648;Rank: 350;Type: HandType.ONE_PAIR
Hand: [9, 6, 6, 11, 7];Bid: 802;Rank: 351;Type: HandType.ONE_PAIR
Hand: [9, 6, 11, 5, 6];Bid: 271;Rank: 352;Type: HandType.ONE_PAIR
Hand: [9, 7, 14, 11, 14];Bid: 785;Rank: 353;Type: HandType.ONE_PAIR
Hand: [9, 9, 7, 14, 12];Bid: 552;Rank: 354;Type: HandType.ONE_PAIR
Hand: [9, 9, 11, 6, 13];Bid: 137;Rank: 355;Type: HandType.ONE_PAIR
Hand: [9, 11, 4, 8, 8];Bid: 557;Rank: 356;Type: HandType.ONE_PAIR
Hand: [9, 11, 5, 3, 3];Bid: 28;Rank: 357;Type: HandType.ONE_PAIR
Hand: [9, 12, 13, 14, 12];Bid: 79;Rank: 358;Type: HandType.ONE_PAIR
Hand: [9, 14, 7, 10, 14];Bid: 843;Rank: 359;Type: HandType.ONE_PAIR
Hand: [9, 14, 9, 7, 2];Bid: 208;Rank: 360;Type: HandType.ONE_PAIR
Hand: [10, 2, 11, 12, 2];Bid: 722;Rank: 361;Type: HandType.ONE_PAIR
Hand: [10, 3, 5, 6, 5];Bid: 582;Rank: 362;Type: HandType.ONE_PAIR
Hand: [10, 4, 3, 2, 2];Bid: 628;Rank: 363;Type: HandType.ONE_PAIR
Hand: [10, 4, 4, 3, 2];Bid: 46;Rank: 364;Type: HandType.ONE_PAIR
Hand: [10, 4, 10, 11, 12];Bid: 106;Rank: 365;Type: HandType.ONE_PAIR
Hand: [10, 4, 11, 11, 3];Bid: 185;Rank: 366;Type: HandType.ONE_PAIR
Hand: [10, 6, 4, 10, 8];Bid: 897;Rank: 367;Type: HandType.ONE_PAIR
Hand: [10, 7, 2, 8, 10];Bid: 701;Rank: 368;Type: HandType.ONE_PAIR
Hand: [10, 8, 2, 2, 7];Bid: 885;Rank: 369;Type: HandType.ONE_PAIR
Hand: [10, 8, 8, 2, 11];Bid: 338;Rank: 370;Type: HandType.ONE_PAIR
Hand: [10, 8, 10, 5, 11];Bid: 147;Rank: 371;Type: HandType.ONE_PAIR
Hand: [10, 8, 13, 13, 5];Bid: 216;Rank: 372;Type: HandType.ONE_PAIR
Hand: [10, 9, 7, 7, 11];Bid: 516;Rank: 373;Type: HandType.ONE_PAIR
Hand: [10, 10, 5, 14, 8];Bid: 138;Rank: 374;Type: HandType.ONE_PAIR
Hand: [10, 10, 7, 13, 12];Bid: 378;Rank: 375;Type: HandType.ONE_PAIR
Hand: [10, 11, 2, 7, 7];Bid: 365;Rank: 376;Type: HandType.ONE_PAIR
Hand: [10, 13, 10, 2, 14];Bid: 368;Rank: 377;Type: HandType.ONE_PAIR
Hand: [10, 13, 13, 14, 8];Bid: 715;Rank: 378;Type: HandType.ONE_PAIR
Hand: [10, 14, 8, 9, 9];Bid: 656;Rank: 379;Type: HandType.ONE_PAIR
Hand: [10, 14, 12, 9, 9];Bid: 112;Rank: 380;Type: HandType.ONE_PAIR
Hand: [11, 2, 5, 11, 4];Bid: 76;Rank: 381;Type: HandType.ONE_PAIR
Hand: [11, 3, 10, 9, 9];Bid: 622;Rank: 382;Type: HandType.ONE_PAIR
Hand: [11, 4, 13, 7, 13];Bid: 712;Rank: 383;Type: HandType.ONE_PAIR
Hand: [11, 5, 7, 11, 2];Bid: 172;Rank: 384;Type: HandType.ONE_PAIR
Hand: [11, 5, 9, 5, 13];Bid: 276;Rank: 385;Type: HandType.ONE_PAIR
Hand: [11, 6, 2, 2, 5];Bid: 401;Rank: 386;Type: HandType.ONE_PAIR
Hand: [11, 6, 3, 3, 5];Bid: 142;Rank: 387;Type: HandType.ONE_PAIR
Hand: [11, 6, 6, 10, 4];Bid: 928;Rank: 388;Type: HandType.ONE_PAIR
Hand: [11, 7, 7, 13, 4];Bid: 309;Rank: 389;Type: HandType.ONE_PAIR
Hand: [11, 8, 2, 7, 7];Bid: 100;Rank: 390;Type: HandType.ONE_PAIR
Hand: [11, 8, 11, 13, 12];Bid: 6;Rank: 391;Type: HandType.ONE_PAIR
Hand: [11, 9, 8, 5, 5];Bid: 284;Rank: 392;Type: HandType.ONE_PAIR
Hand: [11, 9, 8, 11, 3];Bid: 336;Rank: 393;Type: HandType.ONE_PAIR
Hand: [11, 9, 13, 6, 6];Bid: 12;Rank: 394;Type: HandType.ONE_PAIR
Hand: [11, 10, 6, 10, 2];Bid: 545;Rank: 395;Type: HandType.ONE_PAIR
Hand: [11, 10, 8, 8, 14];Bid: 810;Rank: 396;Type: HandType.ONE_PAIR
Hand: [11, 11, 5, 4, 8];Bid: 272;Rank: 397;Type: HandType.ONE_PAIR
Hand: [11, 11, 12, 4, 2];Bid: 857;Rank: 398;Type: HandType.ONE_PAIR
Hand: [11, 11, 14, 9, 5];Bid: 380;Rank: 399;Type: HandType.ONE_PAIR
Hand: [11, 13, 11, 6, 3];Bid: 890;Rank: 400;Type: HandType.ONE_PAIR
Hand: [11, 14, 4, 6, 11];Bid: 798;Rank: 401;Type: HandType.ONE_PAIR
Hand: [11, 14, 7, 8, 8];Bid: 459;Rank: 402;Type: HandType.ONE_PAIR
Hand: [11, 14, 14, 12, 9];Bid: 623;Rank: 403;Type: HandType.ONE_PAIR
Hand: [12, 2, 4, 2, 9];Bid: 453;Rank: 404;Type: HandType.ONE_PAIR
Hand: [12, 2, 6, 6, 11];Bid: 633;Rank: 405;Type: HandType.ONE_PAIR
Hand: [12, 3, 14, 4, 4];Bid: 53;Rank: 406;Type: HandType.ONE_PAIR
Hand: [12, 5, 4, 3, 3];Bid: 486;Rank: 407;Type: HandType.ONE_PAIR
Hand: [12, 8, 12, 3, 10];Bid: 63;Rank: 408;Type: HandType.ONE_PAIR
Hand: [12, 10, 7, 8, 8];Bid: 939;Rank: 409;Type: HandType.ONE_PAIR
Hand: [12, 10, 7, 12, 9];Bid: 135;Rank: 410;Type: HandType.ONE_PAIR
Hand: [12, 10, 14, 14, 9];Bid: 478;Rank: 411;Type: HandType.ONE_PAIR
Hand: [12, 11, 4, 2, 4];Bid: 114;Rank: 412;Type: HandType.ONE_PAIR
Hand: [12, 11, 5, 5, 7];Bid: 510;Rank: 413;Type: HandType.ONE_PAIR
Hand: [12, 11, 6, 9, 9];Bid: 307;Rank: 414;Type: HandType.ONE_PAIR
Hand: [12, 11, 8, 8, 6];Bid: 280;Rank: 415;Type: HandType.ONE_PAIR
Hand: [12, 11, 10, 5, 5];Bid: 329;Rank: 416;Type: HandType.ONE_PAIR
Hand: [12, 12, 4, 11, 10];Bid: 473;Rank: 417;Type: HandType.ONE_PAIR
Hand: [12, 12, 11, 13, 7];Bid: 321;Rank: 418;Type: HandType.ONE_PAIR
Hand: [12, 14, 4, 10, 14];Bid: 192;Rank: 419;Type: HandType.ONE_PAIR
Hand: [12, 14, 8, 6, 12];Bid: 872;Rank: 420;Type: HandType.ONE_PAIR
Hand: [12, 14, 14, 7, 10];Bid: 671;Rank: 421;Type: HandType.ONE_PAIR
Hand: [13, 2, 8, 9, 13];Bid: 695;Rank: 422;Type: HandType.ONE_PAIR
Hand: [13, 2, 13, 3, 10];Bid: 70;Rank: 423;Type: HandType.ONE_PAIR
Hand: [13, 3, 3, 11, 6];Bid: 662;Rank: 424;Type: HandType.ONE_PAIR
Hand: [13, 3, 11, 3, 7];Bid: 985;Rank: 425;Type: HandType.ONE_PAIR
Hand: [13, 4, 8, 2, 4];Bid: 703;Rank: 426;Type: HandType.ONE_PAIR
Hand: [13, 5, 4, 13, 7];Bid: 348;Rank: 427;Type: HandType.ONE_PAIR
Hand: [13, 5, 11, 4, 5];Bid: 719;Rank: 428;Type: HandType.ONE_PAIR
Hand: [13, 5, 11, 9, 13];Bid: 325;Rank: 429;Type: HandType.ONE_PAIR
Hand: [13, 6, 7, 7, 8];Bid: 205;Rank: 430;Type: HandType.ONE_PAIR
Hand: [13, 7, 4, 4, 12];Bid: 237;Rank: 431;Type: HandType.ONE_PAIR
Hand: [13, 8, 4, 11, 4];Bid: 374;Rank: 432;Type: HandType.ONE_PAIR
Hand: [13, 9, 3, 11, 13];Bid: 463;Rank: 433;Type: HandType.ONE_PAIR
Hand: [13, 11, 5, 4, 13];Bid: 88;Rank: 434;Type: HandType.ONE_PAIR
Hand: [13, 11, 13, 3, 10];Bid: 698;Rank: 435;Type: HandType.ONE_PAIR
Hand: [13, 12, 5, 2, 12];Bid: 214;Rank: 436;Type: HandType.ONE_PAIR
Hand: [13, 14, 3, 13, 12];Bid: 937;Rank: 437;Type: HandType.ONE_PAIR
Hand: [13, 14, 5, 10, 13];Bid: 600;Rank: 438;Type: HandType.ONE_PAIR
Hand: [13, 14, 13, 11, 10];Bid: 709;Rank: 439;Type: HandType.ONE_PAIR
Hand: [14, 3, 5, 5, 11];Bid: 430;Rank: 440;Type: HandType.ONE_PAIR
Hand: [14, 3, 13, 3, 8];Bid: 606;Rank: 441;Type: HandType.ONE_PAIR
Hand: [14, 4, 6, 3, 14];Bid: 918;Rank: 442;Type: HandType.ONE_PAIR
Hand: [14, 5, 6, 7, 14];Bid: 647;Rank: 443;Type: HandType.ONE_PAIR
Hand: [14, 7, 5, 12, 14];Bid: 234;Rank: 444;Type: HandType.ONE_PAIR
Hand: [14, 7, 10, 7, 8];Bid: 783;Rank: 445;Type: HandType.ONE_PAIR
Hand: [14, 8, 2, 9, 8];Bid: 95;Rank: 446;Type: HandType.ONE_PAIR
Hand: [14, 9, 13, 4, 4];Bid: 666;Rank: 447;Type: HandType.ONE_PAIR
Hand: [14, 10, 5, 2, 5];Bid: 479;Rank: 448;Type: HandType.ONE_PAIR
Hand: [14, 11, 10, 13, 10];Bid: 249;Rank: 449;Type: HandType.ONE_PAIR
Hand: [14, 14, 3, 7, 2];Bid: 763;Rank: 450;Type: HandType.ONE_PAIR
Hand: [14, 14, 8, 4, 7];Bid: 655;Rank: 451;Type: HandType.ONE_PAIR
Hand: [14, 14, 12, 11, 13];Bid: 477;Rank: 452;Type: HandType.ONE_PAIR
Hand: [2, 2, 3, 3, 5];Bid: 743;Rank: 453;Type: HandType.TWO_PAIRS
Hand: [2, 2, 3, 8, 3];Bid: 905;Rank: 454;Type: HandType.TWO_PAIRS
Hand: [2, 2, 8, 2, 8];Bid: 140;Rank: 455;Type: HandType.TWO_PAIRS
Hand: [2, 2, 9, 14, 14];Bid: 975;Rank: 456;Type: HandType.TWO_PAIRS
Hand: [2, 2, 10, 7, 10];Bid: 972;Rank: 457;Type: HandType.TWO_PAIRS
Hand: [2, 2, 14, 12, 12];Bid: 959;Rank: 458;Type: HandType.TWO_PAIRS
Hand: [2, 3, 2, 3, 2];Bid: 694;Rank: 459;Type: HandType.TWO_PAIRS
Hand: [2, 3, 2, 8, 8];Bid: 693;Rank: 460;Type: HandType.TWO_PAIRS
Hand: [2, 4, 4, 12, 2];Bid: 446;Rank: 461;Type: HandType.TWO_PAIRS
Hand: [2, 4, 13, 2, 4];Bid: 22;Rank: 462;Type: HandType.TWO_PAIRS
Hand: [2, 5, 5, 10, 10];Bid: 429;Rank: 463;Type: HandType.TWO_PAIRS
Hand: [2, 6, 4, 4, 6];Bid: 613;Rank: 464;Type: HandType.TWO_PAIRS
Hand: [2, 7, 2, 7, 2];Bid: 313;Rank: 465;Type: HandType.TWO_PAIRS
Hand: [2, 8, 2, 6, 8];Bid: 469;Rank: 466;Type: HandType.TWO_PAIRS
Hand: [2, 8, 2, 11, 11];Bid: 345;Rank: 467;Type: HandType.TWO_PAIRS
Hand: [2, 8, 8, 12, 2];Bid: 870;Rank: 468;Type: HandType.TWO_PAIRS
Hand: [2, 9, 9, 11, 2];Bid: 219;Rank: 469;Type: HandType.TWO_PAIRS
Hand: [2, 10, 10, 6, 2];Bid: 517;Rank: 470;Type: HandType.TWO_PAIRS
Hand: [2, 11, 10, 10, 2];Bid: 146;Rank: 471;Type: HandType.TWO_PAIRS
Hand: [2, 12, 11, 11, 12];Bid: 333;Rank: 472;Type: HandType.TWO_PAIRS
Hand: [2, 12, 12, 2, 2];Bid: 491;Rank: 473;Type: HandType.TWO_PAIRS
Hand: [2, 12, 12, 2, 11];Bid: 107;Rank: 474;Type: HandType.TWO_PAIRS
Hand: [3, 2, 12, 2, 3];Bid: 298;Rank: 475;Type: HandType.TWO_PAIRS
Hand: [3, 3, 3, 10, 10];Bid: 593;Rank: 476;Type: HandType.TWO_PAIRS
Hand: [3, 3, 3, 11, 11];Bid: 406;Rank: 477;Type: HandType.TWO_PAIRS
Hand: [3, 3, 9, 9, 3];Bid: 609;Rank: 478;Type: HandType.TWO_PAIRS
Hand: [3, 3, 10, 14, 14];Bid: 99;Rank: 479;Type: HandType.TWO_PAIRS
Hand: [3, 3, 14, 14, 11];Bid: 224;Rank: 480;Type: HandType.TWO_PAIRS
Hand: [3, 4, 8, 3, 8];Bid: 512;Rank: 481;Type: HandType.TWO_PAIRS
Hand: [3, 4, 11, 4, 11];Bid: 974;Rank: 482;Type: HandType.TWO_PAIRS
Hand: [3, 6, 4, 3, 6];Bid: 66;Rank: 483;Type: HandType.TWO_PAIRS
Hand: [3, 7, 8, 3, 7];Bid: 458;Rank: 484;Type: HandType.TWO_PAIRS
Hand: [3, 8, 4, 8, 4];Bid: 339;Rank: 485;Type: HandType.TWO_PAIRS
Hand: [3, 8, 8, 7, 3];Bid: 650;Rank: 486;Type: HandType.TWO_PAIRS
Hand: [3, 9, 3, 9, 11];Bid: 573;Rank: 487;Type: HandType.TWO_PAIRS
Hand: [3, 10, 10, 2, 2];Bid: 379;Rank: 488;Type: HandType.TWO_PAIRS
Hand: [3, 11, 3, 2, 2];Bid: 259;Rank: 489;Type: HandType.TWO_PAIRS
Hand: [3, 11, 10, 3, 10];Bid: 203;Rank: 490;Type: HandType.TWO_PAIRS
Hand: [3, 13, 3, 12, 13];Bid: 166;Rank: 491;Type: HandType.TWO_PAIRS
Hand: [3, 14, 8, 3, 14];Bid: 449;Rank: 492;Type: HandType.TWO_PAIRS
Hand: [4, 2, 11, 4, 2];Bid: 558;Rank: 493;Type: HandType.TWO_PAIRS
Hand: [4, 3, 11, 3, 4];Bid: 151;Rank: 494;Type: HandType.TWO_PAIRS
Hand: [4, 4, 6, 4, 6];Bid: 327;Rank: 495;Type: HandType.TWO_PAIRS
Hand: [4, 4, 7, 3, 7];Bid: 794;Rank: 496;Type: HandType.TWO_PAIRS
Hand: [4, 4, 12, 13, 12];Bid: 201;Rank: 497;Type: HandType.TWO_PAIRS
Hand: [4, 4, 13, 13, 4];Bid: 357;Rank: 498;Type: HandType.TWO_PAIRS
Hand: [4, 7, 14, 14, 7];Bid: 730;Rank: 499;Type: HandType.TWO_PAIRS
Hand: [4, 9, 4, 9, 4];Bid: 455;Rank: 500;Type: HandType.TWO_PAIRS
Hand: [4, 9, 14, 4, 9];Bid: 734;Rank: 501;Type: HandType.TWO_PAIRS
Hand: [4, 10, 4, 9, 9];Bid: 750;Rank: 502;Type: HandType.TWO_PAIRS
Hand: [4, 11, 4, 4, 11];Bid: 328;Rank: 503;Type: HandType.TWO_PAIRS
Hand: [4, 11, 4, 11, 13];Bid: 404;Rank: 504;Type: HandType.TWO_PAIRS
Hand: [4, 11, 7, 7, 4];Bid: 421;Rank: 505;Type: HandType.TWO_PAIRS
Hand: [4, 12, 5, 12, 4];Bid: 101;Rank: 506;Type: HandType.TWO_PAIRS
Hand: [4, 14, 3, 3, 4];Bid: 3;Rank: 507;Type: HandType.TWO_PAIRS
Hand: [5, 2, 5, 2, 12];Bid: 169;Rank: 508;Type: HandType.TWO_PAIRS
Hand: [5, 2, 8, 8, 5];Bid: 10;Rank: 509;Type: HandType.TWO_PAIRS
Hand: [5, 3, 11, 5, 11];Bid: 371;Rank: 510;Type: HandType.TWO_PAIRS
Hand: [5, 5, 2, 2, 5];Bid: 942;Rank: 511;Type: HandType.TWO_PAIRS
Hand: [5, 5, 2, 2, 8];Bid: 880;Rank: 512;Type: HandType.TWO_PAIRS
Hand: [5, 5, 3, 3, 5];Bid: 869;Rank: 513;Type: HandType.TWO_PAIRS
Hand: [5, 5, 4, 5, 4];Bid: 547;Rank: 514;Type: HandType.TWO_PAIRS
Hand: [5, 5, 5, 14, 14];Bid: 964;Rank: 515;Type: HandType.TWO_PAIRS
Hand: [5, 5, 6, 6, 10];Bid: 652;Rank: 516;Type: HandType.TWO_PAIRS
Hand: [5, 5, 11, 11, 5];Bid: 815;Rank: 517;Type: HandType.TWO_PAIRS
Hand: [5, 5, 12, 9, 9];Bid: 354;Rank: 518;Type: HandType.TWO_PAIRS
Hand: [5, 5, 13, 3, 3];Bid: 383;Rank: 519;Type: HandType.TWO_PAIRS
Hand: [5, 6, 5, 6, 5];Bid: 879;Rank: 520;Type: HandType.TWO_PAIRS
Hand: [5, 7, 7, 5, 5];Bid: 42;Rank: 521;Type: HandType.TWO_PAIRS
Hand: [5, 8, 8, 5, 5];Bid: 74;Rank: 522;Type: HandType.TWO_PAIRS
Hand: [5, 8, 11, 11, 8];Bid: 789;Rank: 523;Type: HandType.TWO_PAIRS
Hand: [5, 9, 5, 9, 5];Bid: 913;Rank: 524;Type: HandType.TWO_PAIRS
Hand: [5, 10, 4, 4, 5];Bid: 263;Rank: 525;Type: HandType.TWO_PAIRS
Hand: [5, 10, 10, 5, 5];Bid: 538;Rank: 526;Type: HandType.TWO_PAIRS
Hand: [5, 10, 10, 5, 8];Bid: 971;Rank: 527;Type: HandType.TWO_PAIRS
Hand: [5, 11, 4, 5, 4];Bid: 726;Rank: 528;Type: HandType.TWO_PAIRS
Hand: [5, 11, 5, 2, 2];Bid: 462;Rank: 529;Type: HandType.TWO_PAIRS
Hand: [5, 12, 5, 8, 8];Bid: 853;Rank: 530;Type: HandType.TWO_PAIRS
Hand: [5, 12, 7, 7, 5];Bid: 586;Rank: 531;Type: HandType.TWO_PAIRS
Hand: [5, 12, 12, 5, 3];Bid: 531;Rank: 532;Type: HandType.TWO_PAIRS
Hand: [5, 14, 5, 14, 11];Bid: 533;Rank: 533;Type: HandType.TWO_PAIRS
Hand: [6, 3, 3, 2, 6];Bid: 302;Rank: 534;Type: HandType.TWO_PAIRS
Hand: [6, 3, 6, 2, 2];Bid: 116;Rank: 535;Type: HandType.TWO_PAIRS
Hand: [6, 3, 6, 7, 3];Bid: 766;Rank: 536;Type: HandType.TWO_PAIRS
Hand: [6, 4, 6, 13, 4];Bid: 706;Rank: 537;Type: HandType.TWO_PAIRS
Hand: [6, 5, 3, 3, 6];Bid: 183;Rank: 538;Type: HandType.TWO_PAIRS
Hand: [6, 6, 2, 2, 11];Bid: 945;Rank: 539;Type: HandType.TWO_PAIRS
Hand: [6, 6, 6, 12, 12];Bid: 994;Rank: 540;Type: HandType.TWO_PAIRS
Hand: [6, 6, 7, 7, 6];Bid: 89;Rank: 541;Type: HandType.TWO_PAIRS
Hand: [6, 6, 9, 5, 5];Bid: 127;Rank: 542;Type: HandType.TWO_PAIRS
Hand: [6, 6, 9, 13, 13];Bid: 727;Rank: 543;Type: HandType.TWO_PAIRS
Hand: [6, 6, 11, 10, 10];Bid: 498;Rank: 544;Type: HandType.TWO_PAIRS
Hand: [6, 9, 6, 3, 9];Bid: 355;Rank: 545;Type: HandType.TWO_PAIRS
Hand: [6, 9, 6, 13, 9];Bid: 961;Rank: 546;Type: HandType.TWO_PAIRS
Hand: [6, 9, 9, 11, 6];Bid: 285;Rank: 547;Type: HandType.TWO_PAIRS
Hand: [6, 10, 10, 7, 6];Bid: 982;Rank: 548;Type: HandType.TWO_PAIRS
Hand: [6, 11, 6, 4, 4];Bid: 836;Rank: 549;Type: HandType.TWO_PAIRS
Hand: [6, 11, 6, 12, 12];Bid: 8;Rank: 550;Type: HandType.TWO_PAIRS
Hand: [6, 11, 11, 6, 14];Bid: 115;Rank: 551;Type: HandType.TWO_PAIRS
Hand: [6, 13, 6, 13, 11];Bid: 714;Rank: 552;Type: HandType.TWO_PAIRS
Hand: [6, 14, 14, 6, 13];Bid: 580;Rank: 553;Type: HandType.TWO_PAIRS
Hand: [7, 2, 6, 7, 2];Bid: 946;Rank: 554;Type: HandType.TWO_PAIRS
Hand: [7, 3, 3, 7, 7];Bid: 54;Rank: 555;Type: HandType.TWO_PAIRS
Hand: [7, 5, 7, 5, 8];Bid: 297;Rank: 556;Type: HandType.TWO_PAIRS
Hand: [7, 5, 11, 5, 7];Bid: 49;Rank: 557;Type: HandType.TWO_PAIRS
Hand: [7, 5, 12, 5, 12];Bid: 311;Rank: 558;Type: HandType.TWO_PAIRS
Hand: [7, 5, 13, 7, 5];Bid: 687;Rank: 559;Type: HandType.TWO_PAIRS
Hand: [7, 6, 2, 6, 2];Bid: 130;Rank: 560;Type: HandType.TWO_PAIRS
Hand: [7, 6, 2, 7, 6];Bid: 422;Rank: 561;Type: HandType.TWO_PAIRS
Hand: [7, 6, 7, 11, 6];Bid: 386;Rank: 562;Type: HandType.TWO_PAIRS
Hand: [7, 7, 3, 3, 10];Bid: 160;Rank: 563;Type: HandType.TWO_PAIRS
Hand: [7, 7, 5, 9, 5];Bid: 256;Rank: 564;Type: HandType.TWO_PAIRS
Hand: [7, 7, 10, 10, 7];Bid: 834;Rank: 565;Type: HandType.TWO_PAIRS
Hand: [7, 7, 11, 11, 4];Bid: 433;Rank: 566;Type: HandType.TWO_PAIRS
Hand: [7, 10, 4, 7, 10];Bid: 278;Rank: 567;Type: HandType.TWO_PAIRS
Hand: [7, 11, 12, 11, 12];Bid: 877;Rank: 568;Type: HandType.TWO_PAIRS
Hand: [7, 12, 7, 12, 7];Bid: 953;Rank: 569;Type: HandType.TWO_PAIRS
Hand: [7, 14, 9, 7, 14];Bid: 235;Rank: 570;Type: HandType.TWO_PAIRS
Hand: [7, 14, 11, 14, 7];Bid: 767;Rank: 571;Type: HandType.TWO_PAIRS
Hand: [8, 2, 11, 2, 8];Bid: 13;Rank: 572;Type: HandType.TWO_PAIRS
Hand: [8, 4, 8, 2, 4];Bid: 403;Rank: 573;Type: HandType.TWO_PAIRS
Hand: [8, 4, 8, 11, 11];Bid: 553;Rank: 574;Type: HandType.TWO_PAIRS
Hand: [8, 5, 5, 9, 9];Bid: 159;Rank: 575;Type: HandType.TWO_PAIRS
Hand: [8, 6, 8, 13, 13];Bid: 257;Rank: 576;Type: HandType.TWO_PAIRS
Hand: [8, 8, 3, 3, 10];Bid: 43;Rank: 577;Type: HandType.TWO_PAIRS
Hand: [8, 8, 6, 3, 6];Bid: 954;Rank: 578;Type: HandType.TWO_PAIRS
Hand: [8, 8, 8, 4, 4];Bid: 78;Rank: 579;Type: HandType.TWO_PAIRS
Hand: [8, 8, 10, 12, 10];Bid: 551;Rank: 580;Type: HandType.TWO_PAIRS
Hand: [8, 8, 11, 11, 2];Bid: 492;Rank: 581;Type: HandType.TWO_PAIRS
Hand: [8, 9, 8, 8, 9];Bid: 780;Rank: 582;Type: HandType.TWO_PAIRS
Hand: [8, 9, 14, 8, 14];Bid: 47;Rank: 583;Type: HandType.TWO_PAIRS
Hand: [8, 11, 8, 8, 11];Bid: 742;Rank: 584;Type: HandType.TWO_PAIRS
Hand: [8, 11, 14, 14, 8];Bid: 658;Rank: 585;Type: HandType.TWO_PAIRS
Hand: [8, 14, 2, 2, 8];Bid: 40;Rank: 586;Type: HandType.TWO_PAIRS
Hand: [8, 14, 8, 14, 3];Bid: 246;Rank: 587;Type: HandType.TWO_PAIRS
Hand: [9, 2, 14, 14, 9];Bid: 111;Rank: 588;Type: HandType.TWO_PAIRS
Hand: [9, 4, 4, 9, 9];Bid: 864;Rank: 589;Type: HandType.TWO_PAIRS
Hand: [9, 4, 11, 9, 11];Bid: 916;Rank: 590;Type: HandType.TWO_PAIRS
Hand: [9, 5, 10, 10, 5];Bid: 351;Rank: 591;Type: HandType.TWO_PAIRS
Hand: [9, 6, 8, 6, 9];Bid: 83;Rank: 592;Type: HandType.TWO_PAIRS
Hand: [9, 7, 14, 14, 9];Bid: 530;Rank: 593;Type: HandType.TWO_PAIRS
Hand: [9, 8, 8, 9, 4];Bid: 24;Rank: 594;Type: HandType.TWO_PAIRS
Hand: [9, 9, 2, 2, 14];Bid: 881;Rank: 595;Type: HandType.TWO_PAIRS
Hand: [9, 9, 3, 5, 3];Bid: 158;Rank: 596;Type: HandType.TWO_PAIRS
Hand: [9, 9, 5, 10, 10];Bid: 733;Rank: 597;Type: HandType.TWO_PAIRS
Hand: [9, 9, 9, 3, 3];Bid: 252;Rank: 598;Type: HandType.TWO_PAIRS
Hand: [9, 9, 9, 12, 12];Bid: 943;Rank: 599;Type: HandType.TWO_PAIRS
Hand: [9, 9, 14, 14, 9];Bid: 826;Rank: 600;Type: HandType.TWO_PAIRS
Hand: [9, 11, 9, 11, 9];Bid: 679;Rank: 601;Type: HandType.TWO_PAIRS
Hand: [9, 11, 9, 12, 11];Bid: 677;Rank: 602;Type: HandType.TWO_PAIRS
Hand: [9, 11, 10, 9, 10];Bid: 577;Rank: 603;Type: HandType.TWO_PAIRS
Hand: [9, 12, 6, 6, 12];Bid: 17;Rank: 604;Type: HandType.TWO_PAIRS
Hand: [9, 12, 12, 9, 7];Bid: 597;Rank: 605;Type: HandType.TWO_PAIRS
Hand: [9, 13, 9, 9, 13];Bid: 515;Rank: 606;Type: HandType.TWO_PAIRS
Hand: [9, 13, 13, 9, 7];Bid: 560;Rank: 607;Type: HandType.TWO_PAIRS
Hand: [9, 13, 13, 9, 10];Bid: 654;Rank: 608;Type: HandType.TWO_PAIRS
Hand: [9, 14, 10, 14, 10];Bid: 537;Rank: 609;Type: HandType.TWO_PAIRS
Hand: [10, 2, 2, 11, 11];Bid: 500;Rank: 610;Type: HandType.TWO_PAIRS
Hand: [10, 3, 10, 4, 4];Bid: 855;Rank: 611;Type: HandType.TWO_PAIRS
Hand: [10, 5, 7, 7, 10];Bid: 390;Rank: 612;Type: HandType.TWO_PAIRS
Hand: [10, 6, 8, 10, 6];Bid: 817;Rank: 613;Type: HandType.TWO_PAIRS
Hand: [10, 7, 7, 9, 10];Bid: 631;Rank: 614;Type: HandType.TWO_PAIRS
Hand: [10, 7, 7, 12, 10];Bid: 108;Rank: 615;Type: HandType.TWO_PAIRS
Hand: [10, 10, 5, 14, 14];Bid: 36;Rank: 616;Type: HandType.TWO_PAIRS
Hand: [10, 10, 9, 9, 6];Bid: 563;Rank: 617;Type: HandType.TWO_PAIRS
Hand: [10, 10, 9, 13, 9];Bid: 334;Rank: 618;Type: HandType.TWO_PAIRS
Hand: [10, 11, 4, 4, 11];Bid: 832;Rank: 619;Type: HandType.TWO_PAIRS
Hand: [10, 11, 10, 7, 7];Bid: 663;Rank: 620;Type: HandType.TWO_PAIRS
Hand: [10, 11, 11, 10, 9];Bid: 773;Rank: 621;Type: HandType.TWO_PAIRS
Hand: [10, 12, 11, 12, 10];Bid: 434;Rank: 622;Type: HandType.TWO_PAIRS
Hand: [11, 3, 7, 7, 3];Bid: 653;Rank: 623;Type: HandType.TWO_PAIRS
Hand: [11, 4, 11, 4, 9];Bid: 976;Rank: 624;Type: HandType.TWO_PAIRS
Hand: [11, 6, 11, 12, 12];Bid: 678;Rank: 625;Type: HandType.TWO_PAIRS
Hand: [11, 8, 8, 4, 4];Bid: 854;Rank: 626;Type: HandType.TWO_PAIRS
Hand: [11, 11, 3, 3, 11];Bid: 396;Rank: 627;Type: HandType.TWO_PAIRS
Hand: [11, 11, 3, 9, 3];Bid: 632;Rank: 628;Type: HandType.TWO_PAIRS
Hand: [11, 11, 5, 11, 5];Bid: 565;Rank: 629;Type: HandType.TWO_PAIRS
Hand: [11, 13, 13, 11, 11];Bid: 60;Rank: 630;Type: HandType.TWO_PAIRS
Hand: [11, 14, 11, 11, 14];Bid: 681;Rank: 631;Type: HandType.TWO_PAIRS
Hand: [11, 14, 14, 3, 11];Bid: 741;Rank: 632;Type: HandType.TWO_PAIRS
Hand: [12, 2, 13, 12, 13];Bid: 950;Rank: 633;Type: HandType.TWO_PAIRS
Hand: [12, 7, 2, 12, 2];Bid: 163;Rank: 634;Type: HandType.TWO_PAIRS
Hand: [12, 7, 2, 12, 7];Bid: 242;Rank: 635;Type: HandType.TWO_PAIRS
Hand: [12, 8, 8, 12, 12];Bid: 353;Rank: 636;Type: HandType.TWO_PAIRS
Hand: [12, 10, 3, 3, 10];Bid: 509;Rank: 637;Type: HandType.TWO_PAIRS
Hand: [12, 11, 12, 4, 11];Bid: 862;Rank: 638;Type: HandType.TWO_PAIRS
Hand: [12, 11, 12, 7, 7];Bid: 932;Rank: 639;Type: HandType.TWO_PAIRS
Hand: [12, 12, 3, 3, 9];Bid: 388;Rank: 640;Type: HandType.TWO_PAIRS
Hand: [12, 12, 6, 7, 6];Bid: 922;Rank: 641;Type: HandType.TWO_PAIRS
Hand: [12, 12, 8, 7, 7];Bid: 308;Rank: 642;Type: HandType.TWO_PAIRS
Hand: [12, 12, 11, 4, 4];Bid: 825;Rank: 643;Type: HandType.TWO_PAIRS
Hand: [12, 12, 12, 11, 11];Bid: 688;Rank: 644;Type: HandType.TWO_PAIRS
Hand: [12, 13, 7, 12, 13];Bid: 720;Rank: 645;Type: HandType.TWO_PAIRS
Hand: [12, 14, 4, 14, 4];Bid: 683;Rank: 646;Type: HandType.TWO_PAIRS
Hand: [13, 2, 2, 6, 6];Bid: 528;Rank: 647;Type: HandType.TWO_PAIRS
Hand: [13, 2, 2, 8, 13];Bid: 898;Rank: 648;Type: HandType.TWO_PAIRS
Hand: [13, 2, 13, 11, 2];Bid: 482;Rank: 649;Type: HandType.TWO_PAIRS
Hand: [13, 3, 3, 13, 10];Bid: 376;Rank: 650;Type: HandType.TWO_PAIRS
Hand: [13, 3, 6, 3, 13];Bid: 618;Rank: 651;Type: HandType.TWO_PAIRS
Hand: [13, 5, 5, 6, 6];Bid: 343;Rank: 652;Type: HandType.TWO_PAIRS
Hand: [13, 5, 5, 13, 13];Bid: 499;Rank: 653;Type: HandType.TWO_PAIRS
Hand: [13, 5, 13, 11, 5];Bid: 296;Rank: 654;Type: HandType.TWO_PAIRS
Hand: [13, 7, 6, 13, 6];Bid: 48;Rank: 655;Type: HandType.TWO_PAIRS
Hand: [13, 9, 3, 13, 9];Bid: 232;Rank: 656;Type: HandType.TWO_PAIRS
Hand: [13, 11, 12, 13, 12];Bid: 894;Rank: 657;Type: HandType.TWO_PAIRS
Hand: [13, 11, 13, 11, 13];Bid: 186;Rank: 658;Type: HandType.TWO_PAIRS
Hand: [13, 13, 3, 13, 3];Bid: 513;Rank: 659;Type: HandType.TWO_PAIRS
Hand: [13, 13, 4, 13, 4];Bid: 229;Rank: 660;Type: HandType.TWO_PAIRS
Hand: [13, 13, 6, 6, 12];Bid: 377;Rank: 661;Type: HandType.TWO_PAIRS
Hand: [13, 13, 6, 8, 6];Bid: 771;Rank: 662;Type: HandType.TWO_PAIRS
Hand: [13, 13, 6, 13, 6];Bid: 170;Rank: 663;Type: HandType.TWO_PAIRS
Hand: [13, 13, 9, 9, 13];Bid: 930;Rank: 664;Type: HandType.TWO_PAIRS
Hand: [13, 13, 13, 2, 2];Bid: 554;Rank: 665;Type: HandType.TWO_PAIRS
Hand: [13, 13, 14, 14, 13];Bid: 900;Rank: 666;Type: HandType.TWO_PAIRS
Hand: [13, 14, 2, 2, 13];Bid: 31;Rank: 667;Type: HandType.TWO_PAIRS
Hand: [13, 14, 11, 13, 11];Bid: 924;Rank: 668;Type: HandType.TWO_PAIRS
Hand: [13, 14, 14, 11, 13];Bid: 634;Rank: 669;Type: HandType.TWO_PAIRS
Hand: [14, 2, 2, 14, 13];Bid: 50;Rank: 670;Type: HandType.TWO_PAIRS
Hand: [14, 2, 14, 14, 2];Bid: 131;Rank: 671;Type: HandType.TWO_PAIRS
Hand: [14, 4, 4, 7, 14];Bid: 931;Rank: 672;Type: HandType.TWO_PAIRS
Hand: [14, 4, 4, 14, 5];Bid: 145;Rank: 673;Type: HandType.TWO_PAIRS
Hand: [14, 6, 14, 10, 6];Bid: 71;Rank: 674;Type: HandType.TWO_PAIRS
Hand: [14, 10, 14, 10, 12];Bid: 895;Rank: 675;Type: HandType.TWO_PAIRS
Hand: [14, 11, 10, 14, 10];Bid: 144;Rank: 676;Type: HandType.TWO_PAIRS
Hand: [14, 13, 13, 14, 14];Bid: 737;Rank: 677;Type: HandType.TWO_PAIRS
Hand: [14, 14, 6, 3, 6];Bid: 250;Rank: 678;Type: HandType.TWO_PAIRS
Hand: [14, 14, 7, 7, 14];Bid: 649;Rank: 679;Type: HandType.TWO_PAIRS
Hand: [14, 14, 9, 10, 9];Bid: 481;Rank: 680;Type: HandType.TWO_PAIRS
Hand: [14, 14, 13, 13, 2];Bid: 680;Rank: 681;Type: HandType.TWO_PAIRS
Hand: [14, 14, 14, 6, 6];Bid: 643;Rank: 682;Type: HandType.TWO_PAIRS
Hand: [14, 14, 14, 12, 12];Bid: 933;Rank: 683;Type: HandType.TWO_PAIRS
Hand: [2, 2, 2, 6, 7];Bid: 417;Rank: 684;Type: HandType.THREE_OF_A_KIND
Hand: [2, 2, 11, 6, 2];Bid: 428;Rank: 685;Type: HandType.THREE_OF_A_KIND
Hand: [2, 2, 12, 8, 2];Bid: 57;Rank: 686;Type: HandType.THREE_OF_A_KIND
Hand: [2, 3, 2, 7, 2];Bid: 415;Rank: 687;Type: HandType.THREE_OF_A_KIND
Hand: [2, 3, 11, 3, 3];Bid: 612;Rank: 688;Type: HandType.THREE_OF_A_KIND
Hand: [2, 5, 2, 2, 9];Bid: 614;Rank: 689;Type: HandType.THREE_OF_A_KIND
Hand: [2, 5, 2, 11, 2];Bid: 814;Rank: 690;Type: HandType.THREE_OF_A_KIND
Hand: [2, 11, 9, 2, 2];Bid: 315;Rank: 691;Type: HandType.THREE_OF_A_KIND
Hand: [2, 12, 7, 12, 12];Bid: 828;Rank: 692;Type: HandType.THREE_OF_A_KIND
Hand: [2, 12, 12, 8, 12];Bid: 569;Rank: 693;Type: HandType.THREE_OF_A_KIND
Hand: [2, 13, 5, 2, 2];Bid: 149;Rank: 694;Type: HandType.THREE_OF_A_KIND
Hand: [3, 2, 2, 4, 2];Bid: 202;Rank: 695;Type: HandType.THREE_OF_A_KIND
Hand: [3, 2, 6, 3, 3];Bid: 911;Rank: 696;Type: HandType.THREE_OF_A_KIND
Hand: [3, 3, 2, 3, 8];Bid: 812;Rank: 697;Type: HandType.THREE_OF_A_KIND
Hand: [3, 3, 3, 11, 6];Bid: 519;Rank: 698;Type: HandType.THREE_OF_A_KIND
Hand: [3, 3, 7, 3, 2];Bid: 630;Rank: 699;Type: HandType.THREE_OF_A_KIND
Hand: [3, 3, 10, 3, 8];Bid: 168;Rank: 700;Type: HandType.THREE_OF_A_KIND
Hand: [3, 3, 11, 3, 13];Bid: 293;Rank: 701;Type: HandType.THREE_OF_A_KIND
Hand: [3, 7, 3, 12, 3];Bid: 791;Rank: 702;Type: HandType.THREE_OF_A_KIND
Hand: [3, 8, 13, 8, 8];Bid: 806;Rank: 703;Type: HandType.THREE_OF_A_KIND
Hand: [3, 12, 12, 12, 11];Bid: 366;Rank: 704;Type: HandType.THREE_OF_A_KIND
Hand: [3, 14, 3, 13, 3];Bid: 231;Rank: 705;Type: HandType.THREE_OF_A_KIND
Hand: [4, 2, 8, 2, 2];Bid: 304;Rank: 706;Type: HandType.THREE_OF_A_KIND
Hand: [4, 3, 14, 14, 14];Bid: 914;Rank: 707;Type: HandType.THREE_OF_A_KIND
Hand: [4, 4, 4, 11, 3];Bid: 690;Rank: 708;Type: HandType.THREE_OF_A_KIND
Hand: [4, 4, 11, 13, 4];Bid: 472;Rank: 709;Type: HandType.THREE_OF_A_KIND
Hand: [4, 4, 12, 4, 5];Bid: 504;Rank: 710;Type: HandType.THREE_OF_A_KIND
Hand: [4, 8, 12, 8, 8];Bid: 1000;Rank: 711;Type: HandType.THREE_OF_A_KIND
Hand: [4, 9, 4, 4, 6];Bid: 412;Rank: 712;Type: HandType.THREE_OF_A_KIND
Hand: [4, 9, 9, 11, 9];Bid: 87;Rank: 713;Type: HandType.THREE_OF_A_KIND
Hand: [5, 3, 2, 2, 2];Bid: 889;Rank: 714;Type: HandType.THREE_OF_A_KIND
Hand: [5, 5, 2, 13, 5];Bid: 182;Rank: 715;Type: HandType.THREE_OF_A_KIND
Hand: [5, 5, 6, 5, 11];Bid: 484;Rank: 716;Type: HandType.THREE_OF_A_KIND
Hand: [5, 5, 7, 11, 5];Bid: 167;Rank: 717;Type: HandType.THREE_OF_A_KIND
Hand: [5, 6, 6, 4, 6];Bid: 367;Rank: 718;Type: HandType.THREE_OF_A_KIND
Hand: [5, 7, 12, 12, 12];Bid: 277;Rank: 719;Type: HandType.THREE_OF_A_KIND
Hand: [5, 8, 9, 5, 5];Bid: 739;Rank: 720;Type: HandType.THREE_OF_A_KIND
Hand: [5, 10, 3, 3, 3];Bid: 91;Rank: 721;Type: HandType.THREE_OF_A_KIND
Hand: [5, 10, 10, 8, 10];Bid: 134;Rank: 722;Type: HandType.THREE_OF_A_KIND
Hand: [5, 11, 3, 3, 3];Bid: 927;Rank: 723;Type: HandType.THREE_OF_A_KIND
Hand: [5, 13, 8, 13, 13];Bid: 195;Rank: 724;Type: HandType.THREE_OF_A_KIND
Hand: [5, 13, 13, 6, 13];Bid: 68;Rank: 725;Type: HandType.THREE_OF_A_KIND
Hand: [6, 3, 8, 8, 8];Bid: 818;Rank: 726;Type: HandType.THREE_OF_A_KIND
Hand: [6, 5, 5, 5, 2];Bid: 738;Rank: 727;Type: HandType.THREE_OF_A_KIND
Hand: [6, 5, 6, 6, 2];Bid: 909;Rank: 728;Type: HandType.THREE_OF_A_KIND
Hand: [6, 6, 4, 9, 6];Bid: 944;Rank: 729;Type: HandType.THREE_OF_A_KIND
Hand: [6, 6, 6, 3, 7];Bid: 58;Rank: 730;Type: HandType.THREE_OF_A_KIND
Hand: [6, 6, 6, 4, 13];Bid: 337;Rank: 731;Type: HandType.THREE_OF_A_KIND
Hand: [6, 6, 6, 5, 12];Bid: 700;Rank: 732;Type: HandType.THREE_OF_A_KIND
Hand: [6, 6, 6, 14, 10];Bid: 811;Rank: 733;Type: HandType.THREE_OF_A_KIND
Hand: [6, 6, 8, 6, 5];Bid: 708;Rank: 734;Type: HandType.THREE_OF_A_KIND
Hand: [6, 6, 8, 6, 11];Bid: 14;Rank: 735;Type: HandType.THREE_OF_A_KIND
Hand: [6, 6, 11, 14, 6];Bid: 381;Rank: 736;Type: HandType.THREE_OF_A_KIND
Hand: [6, 6, 14, 8, 6];Bid: 64;Rank: 737;Type: HandType.THREE_OF_A_KIND
Hand: [6, 7, 7, 7, 13];Bid: 725;Rank: 738;Type: HandType.THREE_OF_A_KIND
Hand: [6, 9, 6, 14, 6];Bid: 542;Rank: 739;Type: HandType.THREE_OF_A_KIND
Hand: [6, 11, 11, 11, 9];Bid: 506;Rank: 740;Type: HandType.THREE_OF_A_KIND
Hand: [6, 12, 10, 6, 6];Bid: 171;Rank: 741;Type: HandType.THREE_OF_A_KIND
Hand: [6, 12, 12, 12, 3];Bid: 399;Rank: 742;Type: HandType.THREE_OF_A_KIND
Hand: [6, 12, 14, 6, 6];Bid: 840;Rank: 743;Type: HandType.THREE_OF_A_KIND
Hand: [6, 14, 5, 14, 14];Bid: 110;Rank: 744;Type: HandType.THREE_OF_A_KIND
Hand: [7, 3, 7, 4, 7];Bid: 973;Rank: 745;Type: HandType.THREE_OF_A_KIND
Hand: [7, 4, 4, 8, 4];Bid: 829;Rank: 746;Type: HandType.THREE_OF_A_KIND
Hand: [7, 4, 11, 4, 4];Bid: 813;Rank: 747;Type: HandType.THREE_OF_A_KIND
Hand: [7, 4, 13, 4, 4];Bid: 128;Rank: 748;Type: HandType.THREE_OF_A_KIND
Hand: [7, 5, 5, 6, 5];Bid: 141;Rank: 749;Type: HandType.THREE_OF_A_KIND
Hand: [7, 5, 14, 5, 5];Bid: 562;Rank: 750;Type: HandType.THREE_OF_A_KIND
Hand: [7, 7, 5, 7, 10];Bid: 385;Rank: 751;Type: HandType.THREE_OF_A_KIND
Hand: [7, 7, 8, 14, 7];Bid: 411;Rank: 752;Type: HandType.THREE_OF_A_KIND
Hand: [7, 7, 11, 7, 9];Bid: 786;Rank: 753;Type: HandType.THREE_OF_A_KIND
Hand: [7, 7, 11, 12, 7];Bid: 596;Rank: 754;Type: HandType.THREE_OF_A_KIND
Hand: [7, 9, 7, 7, 2];Bid: 65;Rank: 755;Type: HandType.THREE_OF_A_KIND
Hand: [7, 9, 10, 7, 7];Bid: 581;Rank: 756;Type: HandType.THREE_OF_A_KIND
Hand: [7, 10, 10, 6, 10];Bid: 837;Rank: 757;Type: HandType.THREE_OF_A_KIND
Hand: [7, 11, 4, 7, 7];Bid: 105;Rank: 758;Type: HandType.THREE_OF_A_KIND
Hand: [7, 13, 7, 9, 7];Bid: 407;Rank: 759;Type: HandType.THREE_OF_A_KIND
Hand: [7, 13, 7, 12, 7];Bid: 275;Rank: 760;Type: HandType.THREE_OF_A_KIND
Hand: [7, 14, 14, 2, 14];Bid: 305;Rank: 761;Type: HandType.THREE_OF_A_KIND
Hand: [7, 14, 14, 13, 14];Bid: 684;Rank: 762;Type: HandType.THREE_OF_A_KIND
Hand: [8, 3, 3, 14, 3];Bid: 290;Rank: 763;Type: HandType.THREE_OF_A_KIND
Hand: [8, 3, 8, 8, 10];Bid: 926;Rank: 764;Type: HandType.THREE_OF_A_KIND
Hand: [8, 4, 2, 4, 4];Bid: 958;Rank: 765;Type: HandType.THREE_OF_A_KIND
Hand: [8, 5, 5, 3, 5];Bid: 601;Rank: 766;Type: HandType.THREE_OF_A_KIND
Hand: [8, 5, 13, 8, 8];Bid: 331;Rank: 767;Type: HandType.THREE_OF_A_KIND
Hand: [8, 6, 6, 6, 7];Bid: 892;Rank: 768;Type: HandType.THREE_OF_A_KIND
Hand: [8, 8, 7, 8, 3];Bid: 520;Rank: 769;Type: HandType.THREE_OF_A_KIND
Hand: [8, 8, 7, 14, 8];Bid: 997;Rank: 770;Type: HandType.THREE_OF_A_KIND
Hand: [8, 8, 8, 14, 6];Bid: 584;Rank: 771;Type: HandType.THREE_OF_A_KIND
Hand: [8, 8, 11, 12, 8];Bid: 344;Rank: 772;Type: HandType.THREE_OF_A_KIND
Hand: [8, 10, 8, 8, 12];Bid: 29;Rank: 773;Type: HandType.THREE_OF_A_KIND
Hand: [8, 10, 8, 13, 8];Bid: 576;Rank: 774;Type: HandType.THREE_OF_A_KIND
Hand: [8, 10, 10, 9, 10];Bid: 508;Rank: 775;Type: HandType.THREE_OF_A_KIND
Hand: [8, 11, 4, 4, 4];Bid: 917;Rank: 776;Type: HandType.THREE_OF_A_KIND
Hand: [8, 11, 10, 8, 8];Bid: 571;Rank: 777;Type: HandType.THREE_OF_A_KIND
Hand: [8, 12, 8, 8, 6];Bid: 93;Rank: 778;Type: HandType.THREE_OF_A_KIND
Hand: [8, 13, 11, 13, 13];Bid: 267;Rank: 779;Type: HandType.THREE_OF_A_KIND
Hand: [8, 13, 13, 10, 13];Bid: 448;Rank: 780;Type: HandType.THREE_OF_A_KIND
Hand: [9, 3, 2, 3, 3];Bid: 521;Rank: 781;Type: HandType.THREE_OF_A_KIND
Hand: [9, 3, 3, 3, 4];Bid: 792;Rank: 782;Type: HandType.THREE_OF_A_KIND
Hand: [9, 4, 2, 2, 2];Bid: 564;Rank: 783;Type: HandType.THREE_OF_A_KIND
Hand: [9, 4, 2, 9, 9];Bid: 358;Rank: 784;Type: HandType.THREE_OF_A_KIND
Hand: [9, 5, 3, 5, 5];Bid: 797;Rank: 785;Type: HandType.THREE_OF_A_KIND
Hand: [9, 7, 7, 3, 7];Bid: 161;Rank: 786;Type: HandType.THREE_OF_A_KIND
Hand: [9, 7, 12, 9, 9];Bid: 26;Rank: 787;Type: HandType.THREE_OF_A_KIND
Hand: [9, 8, 9, 7, 9];Bid: 230;Rank: 788;Type: HandType.THREE_OF_A_KIND
Hand: [9, 9, 9, 3, 12];Bid: 991;Rank: 789;Type: HandType.THREE_OF_A_KIND
Hand: [9, 9, 9, 7, 4];Bid: 590;Rank: 790;Type: HandType.THREE_OF_A_KIND
Hand: [9, 9, 9, 10, 7];Bid: 999;Rank: 791;Type: HandType.THREE_OF_A_KIND
Hand: [9, 9, 9, 14, 5];Bid: 559;Rank: 792;Type: HandType.THREE_OF_A_KIND
Hand: [9, 9, 9, 14, 6];Bid: 156;Rank: 793;Type: HandType.THREE_OF_A_KIND
Hand: [9, 11, 8, 9, 9];Bid: 535;Rank: 794;Type: HandType.THREE_OF_A_KIND
Hand: [9, 11, 9, 9, 3];Bid: 281;Rank: 795;Type: HandType.THREE_OF_A_KIND
Hand: [9, 12, 9, 4, 9];Bid: 636;Rank: 796;Type: HandType.THREE_OF_A_KIND
Hand: [10, 4, 4, 4, 9];Bid: 342;Rank: 797;Type: HandType.THREE_OF_A_KIND
Hand: [10, 4, 4, 4, 14];Bid: 594;Rank: 798;Type: HandType.THREE_OF_A_KIND
Hand: [10, 4, 10, 9, 10];Bid: 831;Rank: 799;Type: HandType.THREE_OF_A_KIND
Hand: [10, 6, 10, 3, 10];Bid: 241;Rank: 800;Type: HandType.THREE_OF_A_KIND
Hand: [10, 10, 3, 5, 10];Bid: 591;Rank: 801;Type: HandType.THREE_OF_A_KIND
Hand: [10, 10, 5, 6, 10];Bid: 518;Rank: 802;Type: HandType.THREE_OF_A_KIND
Hand: [10, 10, 5, 10, 9];Bid: 420;Rank: 803;Type: HandType.THREE_OF_A_KIND
Hand: [10, 10, 10, 13, 8];Bid: 44;Rank: 804;Type: HandType.THREE_OF_A_KIND
Hand: [10, 10, 12, 11, 10];Bid: 912;Rank: 805;Type: HandType.THREE_OF_A_KIND
Hand: [10, 11, 10, 3, 10];Bid: 447;Rank: 806;Type: HandType.THREE_OF_A_KIND
Hand: [10, 11, 10, 10, 9];Bid: 425;Rank: 807;Type: HandType.THREE_OF_A_KIND
Hand: [10, 11, 14, 10, 10];Bid: 936;Rank: 808;Type: HandType.THREE_OF_A_KIND
Hand: [10, 12, 12, 12, 13];Bid: 746;Rank: 809;Type: HandType.THREE_OF_A_KIND
Hand: [10, 13, 10, 10, 11];Bid: 502;Rank: 810;Type: HandType.THREE_OF_A_KIND
Hand: [10, 14, 6, 14, 14];Bid: 987;Rank: 811;Type: HandType.THREE_OF_A_KIND
Hand: [10, 14, 14, 14, 9];Bid: 588;Rank: 812;Type: HandType.THREE_OF_A_KIND
Hand: [11, 2, 2, 2, 3];Bid: 704;Rank: 813;Type: HandType.THREE_OF_A_KIND
Hand: [11, 2, 2, 14, 2];Bid: 15;Rank: 814;Type: HandType.THREE_OF_A_KIND
Hand: [11, 2, 4, 2, 2];Bid: 527;Rank: 815;Type: HandType.THREE_OF_A_KIND
Hand: [11, 2, 8, 8, 8];Bid: 744;Rank: 816;Type: HandType.THREE_OF_A_KIND
Hand: [11, 3, 11, 5, 11];Bid: 370;Rank: 817;Type: HandType.THREE_OF_A_KIND
Hand: [11, 3, 12, 3, 3];Bid: 830;Rank: 818;Type: HandType.THREE_OF_A_KIND
Hand: [11, 4, 14, 14, 14];Bid: 935;Rank: 819;Type: HandType.THREE_OF_A_KIND
Hand: [11, 5, 5, 13, 5];Bid: 264;Rank: 820;Type: HandType.THREE_OF_A_KIND
Hand: [11, 5, 8, 11, 11];Bid: 19;Rank: 821;Type: HandType.THREE_OF_A_KIND
Hand: [11, 5, 9, 5, 5];Bid: 667;Rank: 822;Type: HandType.THREE_OF_A_KIND
Hand: [11, 6, 2, 6, 6];Bid: 876;Rank: 823;Type: HandType.THREE_OF_A_KIND
Hand: [11, 6, 4, 4, 4];Bid: 599;Rank: 824;Type: HandType.THREE_OF_A_KIND
Hand: [11, 7, 5, 7, 7];Bid: 899;Rank: 825;Type: HandType.THREE_OF_A_KIND
Hand: [11, 9, 9, 9, 12];Bid: 493;Rank: 826;Type: HandType.THREE_OF_A_KIND
Hand: [11, 11, 2, 8, 11];Bid: 314;Rank: 827;Type: HandType.THREE_OF_A_KIND
Hand: [11, 12, 12, 6, 12];Bid: 779;Rank: 828;Type: HandType.THREE_OF_A_KIND
Hand: [11, 13, 13, 6, 13];Bid: 5;Rank: 829;Type: HandType.THREE_OF_A_KIND
Hand: [11, 13, 13, 14, 13];Bid: 561;Rank: 830;Type: HandType.THREE_OF_A_KIND
Hand: [11, 14, 14, 14, 10];Bid: 821;Rank: 831;Type: HandType.THREE_OF_A_KIND
Hand: [12, 2, 2, 2, 10];Bid: 157;Rank: 832;Type: HandType.THREE_OF_A_KIND
Hand: [12, 2, 2, 2, 13];Bid: 875;Rank: 833;Type: HandType.THREE_OF_A_KIND
Hand: [12, 8, 3, 3, 3];Bid: 758;Rank: 834;Type: HandType.THREE_OF_A_KIND
Hand: [12, 8, 8, 3, 8];Bid: 752;Rank: 835;Type: HandType.THREE_OF_A_KIND
Hand: [12, 8, 8, 13, 8];Bid: 369;Rank: 836;Type: HandType.THREE_OF_A_KIND
Hand: [12, 9, 14, 12, 12];Bid: 809;Rank: 837;Type: HandType.THREE_OF_A_KIND
Hand: [12, 10, 7, 7, 7];Bid: 995;Rank: 838;Type: HandType.THREE_OF_A_KIND
Hand: [12, 10, 14, 12, 12];Bid: 718;Rank: 839;Type: HandType.THREE_OF_A_KIND
Hand: [12, 11, 14, 14, 14];Bid: 902;Rank: 840;Type: HandType.THREE_OF_A_KIND
Hand: [12, 12, 2, 12, 11];Bid: 72;Rank: 841;Type: HandType.THREE_OF_A_KIND
Hand: [12, 12, 4, 13, 12];Bid: 848;Rank: 842;Type: HandType.THREE_OF_A_KIND
Hand: [12, 12, 5, 12, 11];Bid: 255;Rank: 843;Type: HandType.THREE_OF_A_KIND
Hand: [12, 12, 12, 14, 2];Bid: 983;Rank: 844;Type: HandType.THREE_OF_A_KIND
Hand: [12, 12, 14, 12, 4];Bid: 451;Rank: 845;Type: HandType.THREE_OF_A_KIND
Hand: [12, 14, 12, 8, 12];Bid: 239;Rank: 846;Type: HandType.THREE_OF_A_KIND
Hand: [13, 3, 13, 9, 13];Bid: 150;Rank: 847;Type: HandType.THREE_OF_A_KIND
Hand: [13, 4, 9, 4, 4];Bid: 222;Rank: 848;Type: HandType.THREE_OF_A_KIND
Hand: [13, 4, 13, 14, 13];Bid: 408;Rank: 849;Type: HandType.THREE_OF_A_KIND
Hand: [13, 9, 13, 5, 13];Bid: 721;Rank: 850;Type: HandType.THREE_OF_A_KIND
Hand: [13, 10, 11, 13, 13];Bid: 32;Rank: 851;Type: HandType.THREE_OF_A_KIND
Hand: [13, 13, 13, 4, 6];Bid: 934;Rank: 852;Type: HandType.THREE_OF_A_KIND
Hand: [13, 13, 13, 9, 8];Bid: 460;Rank: 853;Type: HandType.THREE_OF_A_KIND
Hand: [13, 13, 14, 12, 13];Bid: 443;Rank: 854;Type: HandType.THREE_OF_A_KIND
Hand: [14, 2, 7, 2, 2];Bid: 248;Rank: 855;Type: HandType.THREE_OF_A_KIND
Hand: [14, 3, 2, 14, 14];Bid: 549;Rank: 856;Type: HandType.THREE_OF_A_KIND
Hand: [14, 3, 3, 11, 3];Bid: 258;Rank: 857;Type: HandType.THREE_OF_A_KIND
Hand: [14, 4, 14, 5, 14];Bid: 207;Rank: 858;Type: HandType.THREE_OF_A_KIND
Hand: [14, 5, 5, 5, 2];Bid: 882;Rank: 859;Type: HandType.THREE_OF_A_KIND
Hand: [14, 5, 5, 11, 5];Bid: 729;Rank: 860;Type: HandType.THREE_OF_A_KIND
Hand: [14, 6, 14, 14, 2];Bid: 845;Rank: 861;Type: HandType.THREE_OF_A_KIND
Hand: [14, 7, 7, 7, 12];Bid: 136;Rank: 862;Type: HandType.THREE_OF_A_KIND
Hand: [14, 8, 14, 14, 2];Bid: 651;Rank: 863;Type: HandType.THREE_OF_A_KIND
Hand: [14, 9, 2, 9, 9];Bid: 437;Rank: 864;Type: HandType.THREE_OF_A_KIND
Hand: [14, 11, 8, 8, 8];Bid: 419;Rank: 865;Type: HandType.THREE_OF_A_KIND
Hand: [14, 11, 14, 8, 14];Bid: 529;Rank: 866;Type: HandType.THREE_OF_A_KIND
Hand: [14, 12, 11, 12, 12];Bid: 61;Rank: 867;Type: HandType.THREE_OF_A_KIND
Hand: [14, 12, 14, 4, 14];Bid: 470;Rank: 868;Type: HandType.THREE_OF_A_KIND
Hand: [14, 13, 13, 13, 8];Bid: 389;Rank: 869;Type: HandType.THREE_OF_A_KIND
Hand: [14, 13, 14, 10, 14];Bid: 640;Rank: 870;Type: HandType.THREE_OF_A_KIND
Hand: [14, 14, 7, 14, 10];Bid: 240;Rank: 871;Type: HandType.THREE_OF_A_KIND
Hand: [14, 14, 14, 11, 5];Bid: 689;Rank: 872;Type: HandType.THREE_OF_A_KIND
Hand: [14, 14, 14, 13, 6];Bid: 362;Rank: 873;Type: HandType.THREE_OF_A_KIND
Hand: [2, 2, 7, 7, 7];Bid: 124;Rank: 874;Type: HandType.FULL_HOUSE
Hand: [2, 9, 9, 9, 2];Bid: 804;Rank: 875;Type: HandType.FULL_HOUSE
Hand: [3, 3, 4, 4, 4];Bid: 659;Rank: 876;Type: HandType.FULL_HOUSE
Hand: [3, 3, 6, 6, 6];Bid: 260;Rank: 877;Type: HandType.FULL_HOUSE
Hand: [3, 3, 10, 10, 10];Bid: 915;Rank: 878;Type: HandType.FULL_HOUSE
Hand: [3, 3, 12, 12, 12];Bid: 438;Rank: 879;Type: HandType.FULL_HOUSE
Hand: [4, 3, 3, 4, 3];Bid: 755;Rank: 880;Type: HandType.FULL_HOUSE
Hand: [4, 4, 2, 2, 2];Bid: 445;Rank: 881;Type: HandType.FULL_HOUSE
Hand: [4, 4, 12, 12, 12];Bid: 605;Rank: 882;Type: HandType.FULL_HOUSE
Hand: [4, 7, 7, 7, 4];Bid: 299;Rank: 883;Type: HandType.FULL_HOUSE
Hand: [4, 10, 10, 10, 4];Bid: 665;Rank: 884;Type: HandType.FULL_HOUSE
Hand: [4, 11, 11, 4, 11];Bid: 177;Rank: 885;Type: HandType.FULL_HOUSE
Hand: [5, 2, 5, 2, 2];Bid: 868;Rank: 886;Type: HandType.FULL_HOUSE
Hand: [5, 3, 3, 5, 3];Bid: 956;Rank: 887;Type: HandType.FULL_HOUSE
Hand: [5, 5, 12, 12, 12];Bid: 692;Rank: 888;Type: HandType.FULL_HOUSE
Hand: [5, 5, 14, 14, 14];Bid: 805;Rank: 889;Type: HandType.FULL_HOUSE
Hand: [6, 2, 2, 2, 6];Bid: 762;Rank: 890;Type: HandType.FULL_HOUSE
Hand: [6, 7, 7, 6, 7];Bid: 35;Rank: 891;Type: HandType.FULL_HOUSE
Hand: [7, 4, 4, 7, 4];Bid: 347;Rank: 892;Type: HandType.FULL_HOUSE
Hand: [7, 7, 13, 13, 13];Bid: 291;Rank: 893;Type: HandType.FULL_HOUSE
Hand: [7, 8, 7, 8, 8];Bid: 225;Rank: 894;Type: HandType.FULL_HOUSE
Hand: [8, 4, 4, 8, 4];Bid: 25;Rank: 895;Type: HandType.FULL_HOUSE
Hand: [8, 6, 6, 6, 8];Bid: 984;Rank: 896;Type: HandType.FULL_HOUSE
Hand: [8, 13, 13, 13, 8];Bid: 332;Rank: 897;Type: HandType.FULL_HOUSE
Hand: [8, 14, 14, 8, 14];Bid: 968;Rank: 898;Type: HandType.FULL_HOUSE
Hand: [9, 6, 9, 6, 6];Bid: 626;Rank: 899;Type: HandType.FULL_HOUSE
Hand: [9, 9, 7, 7, 7];Bid: 568;Rank: 900;Type: HandType.FULL_HOUSE
Hand: [10, 9, 9, 9, 10];Bid: 878;Rank: 901;Type: HandType.FULL_HOUSE
Hand: [10, 10, 4, 4, 4];Bid: 865;Rank: 902;Type: HandType.FULL_HOUSE
Hand: [10, 10, 14, 14, 14];Bid: 921;Rank: 903;Type: HandType.FULL_HOUSE
Hand: [10, 12, 10, 12, 12];Bid: 938;Rank: 904;Type: HandType.FULL_HOUSE
Hand: [11, 2, 2, 11, 2];Bid: 587;Rank: 905;Type: HandType.FULL_HOUSE
Hand: [11, 6, 6, 6, 11];Bid: 312;Rank: 906;Type: HandType.FULL_HOUSE
Hand: [11, 10, 10, 11, 10];Bid: 488;Rank: 907;Type: HandType.FULL_HOUSE
Hand: [11, 11, 7, 7, 7];Bid: 265;Rank: 908;Type: HandType.FULL_HOUSE
Hand: [11, 14, 14, 14, 11];Bid: 188;Rank: 909;Type: HandType.FULL_HOUSE
Hand: [12, 4, 4, 4, 12];Bid: 598;Rank: 910;Type: HandType.FULL_HOUSE
Hand: [12, 5, 5, 5, 12];Bid: 787;Rank: 911;Type: HandType.FULL_HOUSE
Hand: [13, 2, 13, 2, 2];Bid: 125;Rank: 912;Type: HandType.FULL_HOUSE
Hand: [13, 10, 10, 13, 10];Bid: 372;Rank: 913;Type: HandType.FULL_HOUSE
Hand: [14, 6, 6, 6, 14];Bid: 759;Rank: 914;Type: HandType.FULL_HOUSE
Hand: [14, 10, 10, 10, 14];Bid: 851;Rank: 915;Type: HandType.FULL_HOUSE
Hand: [14, 14, 12, 12, 12];Bid: 436;Rank: 916;Type: HandType.FULL_HOUSE
Hand: [2, 2, 2, 2, 9];Bid: 317;Rank: 917;Type: HandType.FOUR_OF_A_KIND
Hand: [2, 2, 2, 2, 10];Bid: 751;Rank: 918;Type: HandType.FOUR_OF_A_KIND
Hand: [2, 2, 11, 2, 2];Bid: 121;Rank: 919;Type: HandType.FOUR_OF_A_KIND
Hand: [3, 3, 2, 3, 3];Bid: 373;Rank: 920;Type: HandType.FOUR_OF_A_KIND
Hand: [3, 3, 3, 3, 4];Bid: 440;Rank: 921;Type: HandType.FOUR_OF_A_KIND
Hand: [3, 3, 3, 3, 5];Bid: 962;Rank: 922;Type: HandType.FOUR_OF_A_KIND
Hand: [3, 3, 3, 9, 3];Bid: 178;Rank: 923;Type: HandType.FOUR_OF_A_KIND
Hand: [3, 3, 8, 3, 3];Bid: 775;Rank: 924;Type: HandType.FOUR_OF_A_KIND
Hand: [3, 7, 3, 3, 3];Bid: 745;Rank: 925;Type: HandType.FOUR_OF_A_KIND
Hand: [4, 2, 4, 4, 4];Bid: 788;Rank: 926;Type: HandType.FOUR_OF_A_KIND
Hand: [4, 4, 4, 3, 4];Bid: 37;Rank: 927;Type: HandType.FOUR_OF_A_KIND
Hand: [4, 4, 4, 4, 5];Bid: 919;Rank: 928;Type: HandType.FOUR_OF_A_KIND
Hand: [4, 4, 4, 7, 4];Bid: 539;Rank: 929;Type: HandType.FOUR_OF_A_KIND
Hand: [4, 4, 4, 13, 4];Bid: 432;Rank: 930;Type: HandType.FOUR_OF_A_KIND
Hand: [4, 14, 14, 14, 14];Bid: 952;Rank: 931;Type: HandType.FOUR_OF_A_KIND
Hand: [5, 5, 5, 5, 9];Bid: 220;Rank: 932;Type: HandType.FOUR_OF_A_KIND
Hand: [5, 5, 5, 8, 5];Bid: 754;Rank: 933;Type: HandType.FOUR_OF_A_KIND
Hand: [5, 5, 5, 11, 5];Bid: 418;Rank: 934;Type: HandType.FOUR_OF_A_KIND
Hand: [5, 5, 12, 5, 5];Bid: 866;Rank: 935;Type: HandType.FOUR_OF_A_KIND
Hand: [5, 13, 13, 13, 13];Bid: 56;Rank: 936;Type: HandType.FOUR_OF_A_KIND
Hand: [6, 5, 5, 5, 5];Bid: 585;Rank: 937;Type: HandType.FOUR_OF_A_KIND
Hand: [6, 6, 6, 5, 6];Bid: 123;Rank: 938;Type: HandType.FOUR_OF_A_KIND
Hand: [6, 6, 6, 6, 3];Bid: 616;Rank: 939;Type: HandType.FOUR_OF_A_KIND
Hand: [6, 6, 6, 6, 7];Bid: 887;Rank: 940;Type: HandType.FOUR_OF_A_KIND
Hand: [6, 6, 6, 6, 8];Bid: 901;Rank: 941;Type: HandType.FOUR_OF_A_KIND
Hand: [6, 6, 6, 14, 6];Bid: 190;Rank: 942;Type: HandType.FOUR_OF_A_KIND
Hand: [6, 6, 11, 6, 6];Bid: 33;Rank: 943;Type: HandType.FOUR_OF_A_KIND
Hand: [7, 5, 5, 5, 5];Bid: 639;Rank: 944;Type: HandType.FOUR_OF_A_KIND
Hand: [7, 7, 7, 5, 7];Bid: 73;Rank: 945;Type: HandType.FOUR_OF_A_KIND
Hand: [7, 7, 7, 7, 2];Bid: 427;Rank: 946;Type: HandType.FOUR_OF_A_KIND
Hand: [7, 7, 7, 7, 4];Bid: 668;Rank: 947;Type: HandType.FOUR_OF_A_KIND
Hand: [7, 7, 7, 11, 7];Bid: 669;Rank: 948;Type: HandType.FOUR_OF_A_KIND
Hand: [7, 7, 10, 7, 7];Bid: 464;Rank: 949;Type: HandType.FOUR_OF_A_KIND
Hand: [7, 9, 7, 7, 7];Bid: 861;Rank: 950;Type: HandType.FOUR_OF_A_KIND
Hand: [8, 2, 8, 8, 8];Bid: 888;Rank: 951;Type: HandType.FOUR_OF_A_KIND
Hand: [8, 8, 8, 8, 4];Bid: 212;Rank: 952;Type: HandType.FOUR_OF_A_KIND
Hand: [8, 8, 8, 8, 6];Bid: 696;Rank: 953;Type: HandType.FOUR_OF_A_KIND
Hand: [8, 8, 8, 8, 7];Bid: 777;Rank: 954;Type: HandType.FOUR_OF_A_KIND
Hand: [8, 8, 11, 8, 8];Bid: 194;Rank: 955;Type: HandType.FOUR_OF_A_KIND
Hand: [8, 8, 14, 8, 8];Bid: 210;Rank: 956;Type: HandType.FOUR_OF_A_KIND
Hand: [8, 9, 8, 8, 8];Bid: 822;Rank: 957;Type: HandType.FOUR_OF_A_KIND
Hand: [9, 9, 5, 9, 9];Bid: 295;Rank: 958;Type: HandType.FOUR_OF_A_KIND
Hand: [9, 9, 9, 7, 9];Bid: 394;Rank: 959;Type: HandType.FOUR_OF_A_KIND
Hand: [9, 9, 9, 9, 3];Bid: 223;Rank: 960;Type: HandType.FOUR_OF_A_KIND
Hand: [9, 9, 9, 9, 14];Bid: 20;Rank: 961;Type: HandType.FOUR_OF_A_KIND
Hand: [9, 9, 11, 9, 9];Bid: 444;Rank: 962;Type: HandType.FOUR_OF_A_KIND
Hand: [9, 9, 13, 9, 9];Bid: 269;Rank: 963;Type: HandType.FOUR_OF_A_KIND
Hand: [9, 10, 9, 9, 9];Bid: 642;Rank: 964;Type: HandType.FOUR_OF_A_KIND
Hand: [10, 3, 3, 3, 3];Bid: 62;Rank: 965;Type: HandType.FOUR_OF_A_KIND
Hand: [10, 8, 8, 8, 8];Bid: 713;Rank: 966;Type: HandType.FOUR_OF_A_KIND
Hand: [10, 10, 3, 10, 10];Bid: 546;Rank: 967;Type: HandType.FOUR_OF_A_KIND
Hand: [10, 10, 7, 10, 10];Bid: 282;Rank: 968;Type: HandType.FOUR_OF_A_KIND
Hand: [10, 10, 10, 10, 2];Bid: 490;Rank: 969;Type: HandType.FOUR_OF_A_KIND
Hand: [10, 10, 10, 10, 4];Bid: 489;Rank: 970;Type: HandType.FOUR_OF_A_KIND
Hand: [10, 10, 10, 10, 5];Bid: 441;Rank: 971;Type: HandType.FOUR_OF_A_KIND
Hand: [10, 10, 10, 11, 10];Bid: 122;Rank: 972;Type: HandType.FOUR_OF_A_KIND
Hand: [10, 10, 14, 10, 10];Bid: 908;Rank: 973;Type: HandType.FOUR_OF_A_KIND
Hand: [10, 12, 12, 12, 12];Bid: 724;Rank: 974;Type: HandType.FOUR_OF_A_KIND
Hand: [10, 14, 14, 14, 14];Bid: 686;Rank: 975;Type: HandType.FOUR_OF_A_KIND
Hand: [11, 3, 3, 3, 3];Bid: 990;Rank: 976;Type: HandType.FOUR_OF_A_KIND
Hand: [11, 4, 4, 4, 4];Bid: 534;Rank: 977;Type: HandType.FOUR_OF_A_KIND
Hand: [11, 11, 8, 11, 11];Bid: 330;Rank: 978;Type: HandType.FOUR_OF_A_KIND
Hand: [12, 8, 8, 8, 8];Bid: 496;Rank: 979;Type: HandType.FOUR_OF_A_KIND
Hand: [12, 12, 7, 12, 12];Bid: 740;Rank: 980;Type: HandType.FOUR_OF_A_KIND
Hand: [12, 12, 9, 12, 12];Bid: 501;Rank: 981;Type: HandType.FOUR_OF_A_KIND
Hand: [12, 12, 11, 12, 12];Bid: 503;Rank: 982;Type: HandType.FOUR_OF_A_KIND
Hand: [12, 12, 14, 12, 12];Bid: 120;Rank: 983;Type: HandType.FOUR_OF_A_KIND
Hand: [13, 4, 13, 13, 13];Bid: 638;Rank: 984;Type: HandType.FOUR_OF_A_KIND
Hand: [13, 6, 6, 6, 6];Bid: 174;Rank: 985;Type: HandType.FOUR_OF_A_KIND
Hand: [13, 7, 7, 7, 7];Bid: 543;Rank: 986;Type: HandType.FOUR_OF_A_KIND
Hand: [13, 12, 12, 12, 12];Bid: 793;Rank: 987;Type: HandType.FOUR_OF_A_KIND
Hand: [13, 13, 8, 13, 13];Bid: 514;Rank: 988;Type: HandType.FOUR_OF_A_KIND
Hand: [13, 13, 11, 13, 13];Bid: 375;Rank: 989;Type: HandType.FOUR_OF_A_KIND
Hand: [13, 13, 13, 7, 13];Bid: 402;Rank: 990;Type: HandType.FOUR_OF_A_KIND
Hand: [13, 13, 13, 10, 13];Bid: 673;Rank: 991;Type: HandType.FOUR_OF_A_KIND
Hand: [13, 13, 13, 14, 13];Bid: 620;Rank: 992;Type: HandType.FOUR_OF_A_KIND
Hand: [13, 14, 14, 14, 14];Bid: 92;Rank: 993;Type: HandType.FOUR_OF_A_KIND
Hand: [14, 3, 3, 3, 3];Bid: 736;Rank: 994;Type: HandType.FOUR_OF_A_KIND
Hand: [14, 5, 5, 5, 5];Bid: 119;Rank: 995;Type: HandType.FOUR_OF_A_KIND
Hand: [14, 14, 2, 14, 14];Bid: 413;Rank: 996;Type: HandType.FOUR_OF_A_KIND
Hand: [14, 14, 8, 14, 14];Bid: 556;Rank: 997;Type: HandType.FOUR_OF_A_KIND
Hand: [14, 14, 14, 11, 14];Bid: 841;Rank: 998;Type: HandType.FOUR_OF_A_KIND
Hand: [14, 14, 14, 14, 12];Bid: 400;Rank: 999;Type: HandType.FOUR_OF_A_KIND
Hand: [11, 11, 11, 11, 11];Bid: 86;Rank: 1000;Type: HandType.FIVE_OF_A_KIND